-- MySQL dump 10.13  Distrib 5.7.28, for Linux (x86_64)
--
-- Host: localhost    Database: bookmark
-- ------------------------------------------------------
-- Server version	5.7.28-0ubuntu0.18.04.4

/*!40101 SET @OLD_CHARACTER_SET_CLIENT=@@CHARACTER_SET_CLIENT */;
/*!40101 SET @OLD_CHARACTER_SET_RESULTS=@@CHARACTER_SET_RESULTS */;
/*!40101 SET @OLD_COLLATION_CONNECTION=@@COLLATION_CONNECTION */;
/*!40101 SET NAMES utf8 */;
/*!40103 SET @OLD_TIME_ZONE=@@TIME_ZONE */;
/*!40103 SET TIME_ZONE='+00:00' */;
/*!40014 SET @OLD_UNIQUE_CHECKS=@@UNIQUE_CHECKS, UNIQUE_CHECKS=0 */;
/*!40014 SET @OLD_FOREIGN_KEY_CHECKS=@@FOREIGN_KEY_CHECKS, FOREIGN_KEY_CHECKS=0 */;
/*!40101 SET @OLD_SQL_MODE=@@SQL_MODE, SQL_MODE='NO_AUTO_VALUE_ON_ZERO' */;
/*!40111 SET @OLD_SQL_NOTES=@@SQL_NOTES, SQL_NOTES=0 */;

--
-- Table structure for table `auth_group`
--

DROP TABLE IF EXISTS `auth_group`;
/*!40101 SET @saved_cs_client     = @@character_set_client */;
/*!40101 SET character_set_client = utf8 */;
CREATE TABLE `auth_group` (
  `id` int(11) NOT NULL AUTO_INCREMENT,
  `name` varchar(150) NOT NULL,
  PRIMARY KEY (`id`),
  UNIQUE KEY `name` (`name`)
) ENGINE=InnoDB DEFAULT CHARSET=utf8mb4;
/*!40101 SET character_set_client = @saved_cs_client */;

--
-- Dumping data for table `auth_group`
--

LOCK TABLES `auth_group` WRITE;
/*!40000 ALTER TABLE `auth_group` DISABLE KEYS */;
/*!40000 ALTER TABLE `auth_group` ENABLE KEYS */;
UNLOCK TABLES;

--
-- Table structure for table `auth_group_permissions`
--

DROP TABLE IF EXISTS `auth_group_permissions`;
/*!40101 SET @saved_cs_client     = @@character_set_client */;
/*!40101 SET character_set_client = utf8 */;
CREATE TABLE `auth_group_permissions` (
  `id` int(11) NOT NULL AUTO_INCREMENT,
  `group_id` int(11) NOT NULL,
  `permission_id` int(11) NOT NULL,
  PRIMARY KEY (`id`),
  UNIQUE KEY `auth_group_permissions_group_id_permission_id_0cd325b0_uniq` (`group_id`,`permission_id`),
  KEY `auth_group_permissio_permission_id_84c5c92e_fk_auth_perm` (`permission_id`),
  CONSTRAINT `auth_group_permissio_permission_id_84c5c92e_fk_auth_perm` FOREIGN KEY (`permission_id`) REFERENCES `auth_permission` (`id`),
  CONSTRAINT `auth_group_permissions_group_id_b120cbf9_fk_auth_group_id` FOREIGN KEY (`group_id`) REFERENCES `auth_group` (`id`)
) ENGINE=InnoDB DEFAULT CHARSET=utf8mb4;
/*!40101 SET character_set_client = @saved_cs_client */;

--
-- Dumping data for table `auth_group_permissions`
--

LOCK TABLES `auth_group_permissions` WRITE;
/*!40000 ALTER TABLE `auth_group_permissions` DISABLE KEYS */;
/*!40000 ALTER TABLE `auth_group_permissions` ENABLE KEYS */;
UNLOCK TABLES;

--
-- Table structure for table `auth_permission`
--

DROP TABLE IF EXISTS `auth_permission`;
/*!40101 SET @saved_cs_client     = @@character_set_client */;
/*!40101 SET character_set_client = utf8 */;
CREATE TABLE `auth_permission` (
  `id` int(11) NOT NULL AUTO_INCREMENT,
  `name` varchar(255) NOT NULL,
  `content_type_id` int(11) NOT NULL,
  `codename` varchar(100) NOT NULL,
  PRIMARY KEY (`id`),
  UNIQUE KEY `auth_permission_content_type_id_codename_01ab375a_uniq` (`content_type_id`,`codename`),
  CONSTRAINT `auth_permission_content_type_id_2f476e4b_fk_django_co` FOREIGN KEY (`content_type_id`) REFERENCES `django_content_type` (`id`)
) ENGINE=InnoDB AUTO_INCREMENT=37 DEFAULT CHARSET=utf8mb4;
/*!40101 SET character_set_client = @saved_cs_client */;

--
-- Dumping data for table `auth_permission`
--

LOCK TABLES `auth_permission` WRITE;
/*!40000 ALTER TABLE `auth_permission` DISABLE KEYS */;
INSERT INTO `auth_permission` VALUES (1,'Can add log entry',1,'add_logentry'),(2,'Can change log entry',1,'change_logentry'),(3,'Can delete log entry',1,'delete_logentry'),(4,'Can view log entry',1,'view_logentry'),(5,'Can add permission',2,'add_permission'),(6,'Can change permission',2,'change_permission'),(7,'Can delete permission',2,'delete_permission'),(8,'Can view permission',2,'view_permission'),(9,'Can add group',3,'add_group'),(10,'Can change group',3,'change_group'),(11,'Can delete group',3,'delete_group'),(12,'Can view group',3,'view_group'),(13,'Can add user',4,'add_user'),(14,'Can change user',4,'change_user'),(15,'Can delete user',4,'delete_user'),(16,'Can view user',4,'view_user'),(17,'Can add content type',5,'add_contenttype'),(18,'Can change content type',5,'change_contenttype'),(19,'Can delete content type',5,'delete_contenttype'),(20,'Can view content type',5,'view_contenttype'),(21,'Can add session',6,'add_session'),(22,'Can change session',6,'change_session'),(23,'Can delete session',6,'delete_session'),(24,'Can view session',6,'view_session'),(25,'Can add 书签分类',7,'add_bookmarkform'),(26,'Can change 书签分类',7,'change_bookmarkform'),(27,'Can delete 书签分类',7,'delete_bookmarkform'),(28,'Can view 书签分类',7,'view_bookmarkform'),(29,'Can add 标签分类',8,'add_tag'),(30,'Can change 标签分类',8,'change_tag'),(31,'Can delete 标签分类',8,'delete_tag'),(32,'Can view 标签分类',8,'view_tag'),(33,'Can add 书签',9,'add_bookmark'),(34,'Can change 书签',9,'change_bookmark'),(35,'Can delete 书签',9,'delete_bookmark'),(36,'Can view 书签',9,'view_bookmark');
/*!40000 ALTER TABLE `auth_permission` ENABLE KEYS */;
UNLOCK TABLES;

--
-- Table structure for table `auth_user`
--

DROP TABLE IF EXISTS `auth_user`;
/*!40101 SET @saved_cs_client     = @@character_set_client */;
/*!40101 SET character_set_client = utf8 */;
CREATE TABLE `auth_user` (
  `id` int(11) NOT NULL AUTO_INCREMENT,
  `password` varchar(128) NOT NULL,
  `last_login` datetime(6) DEFAULT NULL,
  `is_superuser` tinyint(1) NOT NULL,
  `username` varchar(150) NOT NULL,
  `first_name` varchar(30) NOT NULL,
  `last_name` varchar(150) NOT NULL,
  `email` varchar(254) NOT NULL,
  `is_staff` tinyint(1) NOT NULL,
  `is_active` tinyint(1) NOT NULL,
  `date_joined` datetime(6) NOT NULL,
  PRIMARY KEY (`id`),
  UNIQUE KEY `username` (`username`)
) ENGINE=InnoDB AUTO_INCREMENT=2 DEFAULT CHARSET=utf8mb4;
/*!40101 SET character_set_client = @saved_cs_client */;

--
-- Dumping data for table `auth_user`
--

LOCK TABLES `auth_user` WRITE;
/*!40000 ALTER TABLE `auth_user` DISABLE KEYS */;
INSERT INTO `auth_user` VALUES (1,'pbkdf2_sha256$150000$X6DJ4l0JcWsR$4KyIxPO8Slt03SWGeMBK8S3FEfobVP3wPB5RquFsrYQ=','2020-05-09 17:03:56.963014',1,'jarvis','','','3450308904@qq.com',1,1,'2020-05-08 15:02:04.570748');
/*!40000 ALTER TABLE `auth_user` ENABLE KEYS */;
UNLOCK TABLES;

--
-- Table structure for table `auth_user_groups`
--

DROP TABLE IF EXISTS `auth_user_groups`;
/*!40101 SET @saved_cs_client     = @@character_set_client */;
/*!40101 SET character_set_client = utf8 */;
CREATE TABLE `auth_user_groups` (
  `id` int(11) NOT NULL AUTO_INCREMENT,
  `user_id` int(11) NOT NULL,
  `group_id` int(11) NOT NULL,
  PRIMARY KEY (`id`),
  UNIQUE KEY `auth_user_groups_user_id_group_id_94350c0c_uniq` (`user_id`,`group_id`),
  KEY `auth_user_groups_group_id_97559544_fk_auth_group_id` (`group_id`),
  CONSTRAINT `auth_user_groups_group_id_97559544_fk_auth_group_id` FOREIGN KEY (`group_id`) REFERENCES `auth_group` (`id`),
  CONSTRAINT `auth_user_groups_user_id_6a12ed8b_fk_auth_user_id` FOREIGN KEY (`user_id`) REFERENCES `auth_user` (`id`)
) ENGINE=InnoDB DEFAULT CHARSET=utf8mb4;
/*!40101 SET character_set_client = @saved_cs_client */;

--
-- Dumping data for table `auth_user_groups`
--

LOCK TABLES `auth_user_groups` WRITE;
/*!40000 ALTER TABLE `auth_user_groups` DISABLE KEYS */;
/*!40000 ALTER TABLE `auth_user_groups` ENABLE KEYS */;
UNLOCK TABLES;

--
-- Table structure for table `auth_user_user_permissions`
--

DROP TABLE IF EXISTS `auth_user_user_permissions`;
/*!40101 SET @saved_cs_client     = @@character_set_client */;
/*!40101 SET character_set_client = utf8 */;
CREATE TABLE `auth_user_user_permissions` (
  `id` int(11) NOT NULL AUTO_INCREMENT,
  `user_id` int(11) NOT NULL,
  `permission_id` int(11) NOT NULL,
  PRIMARY KEY (`id`),
  UNIQUE KEY `auth_user_user_permissions_user_id_permission_id_14a6b632_uniq` (`user_id`,`permission_id`),
  KEY `auth_user_user_permi_permission_id_1fbb5f2c_fk_auth_perm` (`permission_id`),
  CONSTRAINT `auth_user_user_permi_permission_id_1fbb5f2c_fk_auth_perm` FOREIGN KEY (`permission_id`) REFERENCES `auth_permission` (`id`),
  CONSTRAINT `auth_user_user_permissions_user_id_a95ead1b_fk_auth_user_id` FOREIGN KEY (`user_id`) REFERENCES `auth_user` (`id`)
) ENGINE=InnoDB DEFAULT CHARSET=utf8mb4;
/*!40101 SET character_set_client = @saved_cs_client */;

--
-- Dumping data for table `auth_user_user_permissions`
--

LOCK TABLES `auth_user_user_permissions` WRITE;
/*!40000 ALTER TABLE `auth_user_user_permissions` DISABLE KEYS */;
/*!40000 ALTER TABLE `auth_user_user_permissions` ENABLE KEYS */;
UNLOCK TABLES;

--
-- Table structure for table `django_admin_log`
--

DROP TABLE IF EXISTS `django_admin_log`;
/*!40101 SET @saved_cs_client     = @@character_set_client */;
/*!40101 SET character_set_client = utf8 */;
CREATE TABLE `django_admin_log` (
  `id` int(11) NOT NULL AUTO_INCREMENT,
  `action_time` datetime(6) NOT NULL,
  `object_id` longtext,
  `object_repr` varchar(200) NOT NULL,
  `action_flag` smallint(5) unsigned NOT NULL,
  `change_message` longtext NOT NULL,
  `content_type_id` int(11) DEFAULT NULL,
  `user_id` int(11) NOT NULL,
  PRIMARY KEY (`id`),
  KEY `django_admin_log_content_type_id_c4bce8eb_fk_django_co` (`content_type_id`),
  KEY `django_admin_log_user_id_c564eba6_fk_auth_user_id` (`user_id`),
  CONSTRAINT `django_admin_log_content_type_id_c4bce8eb_fk_django_co` FOREIGN KEY (`content_type_id`) REFERENCES `django_content_type` (`id`),
  CONSTRAINT `django_admin_log_user_id_c564eba6_fk_auth_user_id` FOREIGN KEY (`user_id`) REFERENCES `auth_user` (`id`)
) ENGINE=InnoDB AUTO_INCREMENT=19 DEFAULT CHARSET=utf8mb4;
/*!40101 SET character_set_client = @saved_cs_client */;

--
-- Dumping data for table `django_admin_log`
--

LOCK TABLES `django_admin_log` WRITE;
/*!40000 ALTER TABLE `django_admin_log` DISABLE KEYS */;
INSERT INTO `django_admin_log` VALUES (1,'2020-05-08 15:25:47.145407','1','书签栏',3,'',7,1),(2,'2020-05-09 15:31:24.104069','41','arduino',1,'[{\"added\": {}}]',7,1),(3,'2020-05-09 15:31:35.512312','28','知识库',3,'',7,1),(4,'2020-05-09 15:32:18.652001','38','博文',3,'',7,1),(5,'2020-05-09 15:32:18.668090','26','书签栏',3,'',7,1),(6,'2020-05-09 15:32:18.738061','7','网站',3,'',7,1),(7,'2020-05-09 15:32:18.739208','3','工具',3,'',7,1),(8,'2020-05-09 15:32:18.761014','1','书签栏',3,'',7,1),(9,'2020-05-09 15:32:37.245603','40','书签栏',3,'',7,1),(10,'2020-05-09 15:32:49.123132','1','书签栏',3,'',7,1),(11,'2020-05-09 15:33:19.880219','38','博文',3,'',7,1),(12,'2020-05-09 15:34:28.568968','1','Tag object (1)',1,'[{\"added\": {}}]',8,1),(13,'2020-05-09 15:34:31.856391','824','物联网/ Arduino：ESP8266 EasyIoT库和传感器示例',2,'[{\"changed\": {\"fields\": [\"title\", \"category\", \"tags\"]}}]',9,1),(14,'2020-05-09 15:35:26.768171','37','新建文件夹',3,'',7,1),(15,'2020-05-09 15:35:41.286587','42','科学上网',1,'[{\"added\": {}}]',7,1),(16,'2020-05-09 15:36:03.739448','822','Arduino - 文集 - 简书',2,'[{\"changed\": {\"fields\": [\"title\", \"category\", \"tags\"]}}]',9,1),(17,'2020-05-09 15:36:26.760059','802','Search · 科学上网 · GitHub',2,'[{\"changed\": {\"fields\": [\"title\", \"category\", \"tags\"]}}]',9,1),(18,'2020-05-09 17:04:12.497943','43','树莓派',1,'[{\"added\": {}}]',7,1);
/*!40000 ALTER TABLE `django_admin_log` ENABLE KEYS */;
UNLOCK TABLES;

--
-- Table structure for table `django_content_type`
--

DROP TABLE IF EXISTS `django_content_type`;
/*!40101 SET @saved_cs_client     = @@character_set_client */;
/*!40101 SET character_set_client = utf8 */;
CREATE TABLE `django_content_type` (
  `id` int(11) NOT NULL AUTO_INCREMENT,
  `app_label` varchar(100) NOT NULL,
  `model` varchar(100) NOT NULL,
  PRIMARY KEY (`id`),
  UNIQUE KEY `django_content_type_app_label_model_76bd3d3b_uniq` (`app_label`,`model`)
) ENGINE=InnoDB AUTO_INCREMENT=10 DEFAULT CHARSET=utf8mb4;
/*!40101 SET character_set_client = @saved_cs_client */;

--
-- Dumping data for table `django_content_type`
--

LOCK TABLES `django_content_type` WRITE;
/*!40000 ALTER TABLE `django_content_type` DISABLE KEYS */;
INSERT INTO `django_content_type` VALUES (1,'admin','logentry'),(3,'auth','group'),(2,'auth','permission'),(4,'auth','user'),(9,'bookmark','bookmark'),(7,'bookmark','bookmarkform'),(8,'bookmark','tag'),(5,'contenttypes','contenttype'),(6,'sessions','session');
/*!40000 ALTER TABLE `django_content_type` ENABLE KEYS */;
UNLOCK TABLES;

--
-- Table structure for table `django_migrations`
--

DROP TABLE IF EXISTS `django_migrations`;
/*!40101 SET @saved_cs_client     = @@character_set_client */;
/*!40101 SET character_set_client = utf8 */;
CREATE TABLE `django_migrations` (
  `id` int(11) NOT NULL AUTO_INCREMENT,
  `app` varchar(255) NOT NULL,
  `name` varchar(255) NOT NULL,
  `applied` datetime(6) NOT NULL,
  PRIMARY KEY (`id`)
) ENGINE=InnoDB AUTO_INCREMENT=29 DEFAULT CHARSET=utf8mb4;
/*!40101 SET character_set_client = @saved_cs_client */;

--
-- Dumping data for table `django_migrations`
--

LOCK TABLES `django_migrations` WRITE;
/*!40000 ALTER TABLE `django_migrations` DISABLE KEYS */;
INSERT INTO `django_migrations` VALUES (1,'contenttypes','0001_initial','2020-05-08 14:56:01.148592'),(2,'auth','0001_initial','2020-05-08 14:56:01.796709'),(3,'admin','0001_initial','2020-05-08 14:56:02.540796'),(4,'admin','0002_logentry_remove_auto_add','2020-05-08 14:56:02.605473'),(5,'admin','0003_logentry_add_action_flag_choices','2020-05-08 14:56:02.617882'),(6,'contenttypes','0002_remove_content_type_name','2020-05-08 14:56:02.779380'),(7,'auth','0002_alter_permission_name_max_length','2020-05-08 14:56:02.815471'),(8,'auth','0003_alter_user_email_max_length','2020-05-08 14:56:02.830060'),(9,'auth','0004_alter_user_username_opts','2020-05-08 14:56:02.842027'),(10,'auth','0005_alter_user_last_login_null','2020-05-08 14:56:02.871821'),(11,'auth','0006_require_contenttypes_0002','2020-05-08 14:56:02.875257'),(12,'auth','0007_alter_validators_add_error_messages','2020-05-08 14:56:02.894127'),(13,'auth','0008_alter_user_username_max_length','2020-05-08 14:56:02.923416'),(14,'auth','0009_alter_user_last_name_max_length','2020-05-08 14:56:02.956436'),(15,'auth','0010_alter_group_name_max_length','2020-05-08 14:56:02.983047'),(16,'auth','0011_update_proxy_permissions','2020-05-08 14:56:02.996133'),(17,'bookmark','0001_initial','2020-05-08 14:56:03.138349'),(18,'bookmark','0002_auto_20200508_1801','2020-05-08 14:56:03.303198'),(19,'bookmark','0003_auto_20200508_2016','2020-05-08 14:56:03.346033'),(20,'bookmark','0004_auto_20200508_2057','2020-05-08 14:56:03.432947'),(21,'bookmark','0005_auto_20200508_2057','2020-05-08 14:56:03.510000'),(22,'bookmark','0006_auto_20200508_2218','2020-05-08 14:56:03.599318'),(23,'bookmark','0007_auto_20200508_2254','2020-05-08 14:56:03.704947'),(24,'sessions','0001_initial','2020-05-08 14:56:03.784607'),(25,'bookmark','0008_auto_20200509_2347','2020-05-09 15:47:36.485705'),(26,'bookmark','0009_auto_20200510_0103','2020-05-09 17:03:38.353763'),(27,'bookmark','0010_auto_20200510_1149','2020-05-10 03:49:28.782443'),(28,'bookmark','0011_auto_20200510_1151','2020-05-10 03:51:10.594753');
/*!40000 ALTER TABLE `django_migrations` ENABLE KEYS */;
UNLOCK TABLES;

--
-- Table structure for table `django_session`
--

DROP TABLE IF EXISTS `django_session`;
/*!40101 SET @saved_cs_client     = @@character_set_client */;
/*!40101 SET character_set_client = utf8 */;
CREATE TABLE `django_session` (
  `session_key` varchar(40) NOT NULL,
  `session_data` longtext NOT NULL,
  `expire_date` datetime(6) NOT NULL,
  PRIMARY KEY (`session_key`),
  KEY `django_session_expire_date_a5c62663` (`expire_date`)
) ENGINE=InnoDB DEFAULT CHARSET=utf8mb4;
/*!40101 SET character_set_client = @saved_cs_client */;

--
-- Dumping data for table `django_session`
--

LOCK TABLES `django_session` WRITE;
/*!40000 ALTER TABLE `django_session` DISABLE KEYS */;
INSERT INTO `django_session` VALUES ('9duh1wi8d963x1ba7q0nx7fv13s7vu3r','OGU4YmViZDIzNjcwZjc3ZGQ4MTJkNDU4ZTA1M2I1Yjk4YjMwNzNlNTp7Il9hdXRoX3VzZXJfaWQiOiIxIiwiX2F1dGhfdXNlcl9iYWNrZW5kIjoiZGphbmdvLmNvbnRyaWIuYXV0aC5iYWNrZW5kcy5Nb2RlbEJhY2tlbmQiLCJfYXV0aF91c2VyX2hhc2giOiJiZWQ4ZWFmZTcwYWY4MTI1MGIzYTk5OGExMTc2YjJlODJkMzc5ODg2In0=','2020-05-22 15:02:18.366693'),('9oox00r1jl0hdvch640vsruoyw8appz5','OGU4YmViZDIzNjcwZjc3ZGQ4MTJkNDU4ZTA1M2I1Yjk4YjMwNzNlNTp7Il9hdXRoX3VzZXJfaWQiOiIxIiwiX2F1dGhfdXNlcl9iYWNrZW5kIjoiZGphbmdvLmNvbnRyaWIuYXV0aC5iYWNrZW5kcy5Nb2RlbEJhY2tlbmQiLCJfYXV0aF91c2VyX2hhc2giOiJiZWQ4ZWFmZTcwYWY4MTI1MGIzYTk5OGExMTc2YjJlODJkMzc5ODg2In0=','2020-05-23 17:03:57.014916');
/*!40000 ALTER TABLE `django_session` ENABLE KEYS */;
UNLOCK TABLES;

--
-- Table structure for table `tb_bookmark`
--

DROP TABLE IF EXISTS `tb_bookmark`;
/*!40101 SET @saved_cs_client     = @@character_set_client */;
/*!40101 SET character_set_client = utf8 */;
CREATE TABLE `tb_bookmark` (
  `id` int(11) NOT NULL AUTO_INCREMENT,
  `url` varchar(200) NOT NULL,
  `title` varchar(20) DEFAULT NULL,
  `website_title` varchar(512) DEFAULT NULL,
  `website_description` longtext,
  `date_added` datetime(6) NOT NULL,
  `date_modified` datetime(6) NOT NULL,
  `date_accessed` datetime(6) NOT NULL,
  `folder_id` int(11) NOT NULL,
  `desc` varchar(300) DEFAULT NULL,
  PRIMARY KEY (`id`),
  KEY `tb_bookmark_folder_id_a577bd77_fk_tb_bookmarkform_id` (`folder_id`),
  CONSTRAINT `tb_bookmark_folder_id_a577bd77_fk_tb_bookmarkform_id` FOREIGN KEY (`folder_id`) REFERENCES `tb_bookmarkform` (`id`)
) ENGINE=InnoDB AUTO_INCREMENT=827 DEFAULT CHARSET=utf8mb4;
/*!40101 SET character_set_client = @saved_cs_client */;

--
-- Dumping data for table `tb_bookmark`
--

LOCK TABLES `tb_bookmark` WRITE;
/*!40000 ALTER TABLE `tb_bookmark` DISABLE KEYS */;
INSERT INTO `tb_bookmark` VALUES (1,'https://www.baidu.com/','','百度一下，你就知道',NULL,'2020-05-08 14:59:38.307201','2020-05-10 12:07:48.299797','2020-05-10 12:07:48.299811',1,''),(3,'http://ai.baidu.com/?track=cp:aipinzhuan|pf:pc|pp:AIpingtai|pu:title|ci:|kw:10005792','','百度AI开放平台-全球领先的人工智能服务平台-百度AI开放平台',NULL,'2020-05-08 14:59:38.329928','2020-05-08 14:59:38.329972','2020-05-08 14:59:38.329991',1,NULL),(4,'https://www.xfyun.cn/?ch=bdtg&renqun_youhua=646957','','讯飞开放平台-以语音交互为核心的人工智能开放平台',NULL,'2020-05-08 14:59:38.335700','2020-05-08 14:59:38.335746','2020-05-08 14:59:38.335766',1,NULL),(5,'https://stackoverflow.com/','','Stack Overflow - Where Developers Learn, Share, & Build Careers',NULL,'2020-05-08 14:59:38.346901','2020-05-08 14:59:38.346951','2020-05-08 14:59:38.346971',1,NULL),(6,'https://aistudio.baidu.com/aistudio/competition','','Baidu AI Studio - 一站式AI开发平台',NULL,'2020-05-08 14:59:38.353756','2020-05-08 14:59:38.353802','2020-05-08 14:59:38.353821',1,NULL),(7,'https://www.flyai.com/c/nlp','','FlyAI-AI竞赛服务平台',NULL,'2020-05-08 14:59:38.355485','2020-05-08 14:59:38.355516','2020-05-08 14:59:38.355534',1,NULL),(8,'https://tianchi.aliyun.com/competition/gameList/createList','','天池大数据竞赛-天池大赛-阿里云天池',NULL,'2020-05-08 14:59:38.358080','2020-05-08 14:59:38.358136','2020-05-08 14:59:38.358154',1,NULL),(9,'https://scikit-learn.org/stable/modules/generated/sklearn.neighbors.KNeighborsClassifier.html#sklearn.neighbors.KNeighborsClassifier','','sklearn.neighbors.KNeighborsClassifier — scikit-learn 0.21.2 documentation',NULL,'2020-05-08 14:59:38.360290','2020-05-08 14:59:38.360339','2020-05-08 14:59:38.360357',1,NULL),(10,'https://www.ibooker.org.cn/docs/','','iBooker',NULL,'2020-05-08 14:59:38.368191','2020-05-08 14:59:38.368243','2020-05-08 14:59:38.368263',1,NULL),(12,'https://developers.weixin.qq.com/miniprogram/dev/wxcloud/reference-client-api/database/database.html','','wx.cloud.database | 微信开放文档',NULL,'2020-05-08 15:00:29.428254','2020-05-10 13:03:17.994648','2020-05-10 13:03:17.994661',1,''),(13,'http://ai.baidu.com/?track=cp:aipinzhuan|pf:pc|pp:AIpingtai|pu:title|ci:|kw:10005792','','百度AI开放平台-全球领先的人工智能服务平台-百度AI开放平台',NULL,'2020-05-08 15:00:29.431787','2020-05-08 15:00:29.431833','2020-05-08 15:00:29.431852',1,NULL),(14,'https://www.xfyun.cn/?ch=bdtg&renqun_youhua=646957','','讯飞开放平台-以语音交互为核心的人工智能开放平台',NULL,'2020-05-08 15:00:29.435887','2020-05-08 15:00:29.435928','2020-05-08 15:00:29.435946',1,NULL),(15,'https://stackoverflow.com/','','Stack Overflow - Where Developers Learn, Share, & Build Careers',NULL,'2020-05-08 15:00:29.438478','2020-05-08 15:00:29.438535','2020-05-08 15:00:29.438553',1,NULL),(16,'https://aistudio.baidu.com/aistudio/competition','','Baidu AI Studio - 一站式AI开发平台',NULL,'2020-05-08 15:00:29.440118','2020-05-08 15:00:29.440152','2020-05-08 15:00:29.440170',1,NULL),(17,'https://www.flyai.com/c/nlp','','FlyAI-AI竞赛服务平台',NULL,'2020-05-08 15:00:29.442189','2020-05-08 15:00:29.442240','2020-05-08 15:00:29.442257',1,NULL),(18,'https://tianchi.aliyun.com/competition/gameList/createList','','天池大数据竞赛-天池大赛-阿里云天池',NULL,'2020-05-08 15:00:29.447539','2020-05-08 15:00:29.447584','2020-05-08 15:00:29.447604',1,NULL),(19,'https://scikit-learn.org/stable/modules/generated/sklearn.neighbors.KNeighborsClassifier.html#sklearn.neighbors.KNeighborsClassifier','','sklearn.neighbors.KNeighborsClassifier — scikit-learn 0.21.2 documentation',NULL,'2020-05-08 15:00:29.448751','2020-05-08 15:00:29.448782','2020-05-08 15:00:29.448799',1,NULL),(20,'https://www.ibooker.org.cn/docs/','','iBooker',NULL,'2020-05-08 15:00:29.450305','2020-05-08 15:00:29.450339','2020-05-08 15:00:29.450356',1,NULL),(21,'https://www.gmis.org/default.aspx','','GMIS International',NULL,'2020-05-08 15:00:29.452067','2020-05-08 15:00:29.452092','2020-05-08 15:00:29.452108',1,NULL),(22,'https://matplotlib.org/api/api_overview.html','','API Overview — Matplotlib 3.0.3 documentation',NULL,'2020-05-08 15:00:29.453631','2020-05-08 15:00:29.453670','2020-05-08 15:00:29.453686',1,NULL),(23,'https://docs.djangoproject.com/en/2.2/','','Django documentation | Django documentation | Django',NULL,'2020-05-08 15:00:29.455937','2020-05-08 15:00:29.455978','2020-05-08 15:00:29.455997',1,NULL),(24,'https://tensorflow.google.cn/','','TensorFlow',NULL,'2020-05-08 15:00:29.457610','2020-05-08 15:00:29.457643','2020-05-08 15:00:29.457661',1,NULL),(25,'https://numpy.org/devdocs/','','概述— NumPy v1.18.dev0手册',NULL,'2020-05-08 15:00:29.458598','2020-05-08 15:00:29.458626','2020-05-08 15:00:29.458643',1,NULL),(26,'https://docs.opencv.org/4.1.1/','','OpenCV: OpenCV modules',NULL,'2020-05-08 15:00:29.459483','2020-05-08 15:00:29.459510','2020-05-08 15:00:29.459526',1,NULL),(27,'https://matplotlib.org/users/index.html','','用户指南— Matplotlib 3.1.1文档',NULL,'2020-05-08 15:00:29.460583','2020-05-08 15:00:29.460617','2020-05-08 15:00:29.460634',1,NULL),(28,'https://www.lfd.uci.edu/~gohlke/pythonlibs/#jupyter','','Python Extension Packages for Windows - Christoph Gohlke',NULL,'2020-05-08 15:00:29.462038','2020-05-08 15:00:29.462068','2020-05-08 15:00:29.462085',1,NULL),(29,'https://github.com/jobbole/awesome-python-cn','','jobbole/awesome-python-cn: Python资源大全中文版，包括：Web框架、网络爬虫、模板引擎、数据库、数据可视化、图片处理等，由伯乐在线持续更新。',NULL,'2020-05-08 15:00:29.463329','2020-05-08 15:00:29.463393','2020-05-08 15:00:29.463417',1,NULL),(30,'https://www.aqniu.com/','','安全牛 - aqniu.com',NULL,'2020-05-08 15:00:29.465111','2020-05-08 15:00:29.465149','2020-05-08 15:00:29.465166',1,NULL),(31,'http://www.freqchip.net/','','主页 | Freqchip开发者论坛',NULL,'2020-05-08 15:00:29.466701','2020-05-08 15:00:29.466736','2020-05-08 15:00:29.466753',1,NULL),(32,'http://www.sdspeople.fudan.edu.cn/zywei/','','Zhongyu Wei\'s Homepage at Fudan University',NULL,'2020-05-08 15:00:29.468490','2020-05-08 15:00:29.468540','2020-05-08 15:00:29.468556',1,NULL),(33,'http://ebooks.cmanuf.com/all?id=1&type=2&code=AC03','','工程科技数字图书馆',NULL,'2020-05-08 15:00:29.470545','2020-05-08 15:00:29.470599','2020-05-08 15:00:29.470618',1,NULL),(34,'http://www.myzaker.com/channel/923','','华尔街见闻--ZAKER新闻：传递价值资讯',NULL,'2020-05-08 15:00:29.472103','2020-05-08 15:00:29.472136','2020-05-08 15:00:29.472153',1,NULL),(35,'https://www.berkshirehathaway.com/letters/letters.html','','Shareholder Letters',NULL,'2020-05-08 15:00:29.473526','2020-05-08 15:00:29.473560','2020-05-08 15:00:29.473577',1,NULL),(36,'https://www.nejm.org/medical-specialties?query=main_nav_lg','','医学专科：《新英格兰医学杂志》',NULL,'2020-05-08 15:00:29.474786','2020-05-08 15:00:29.474820','2020-05-08 15:00:29.474837',1,NULL),(37,'https://www.thelancet.com/journals/langlo/article/PIIS2214-109X(19)30221-9/fulltext','','Urgency for transformation: youth engagement in global health - The Lancet Global Health',NULL,'2020-05-08 15:00:29.476289','2020-05-08 15:00:29.476324','2020-05-08 15:00:29.476400',1,NULL),(38,'https://nejmqianyan.cn/','','首页 - NEJM医学前沿',NULL,'2020-05-08 15:00:29.478311','2020-05-08 15:00:29.478394','2020-05-08 15:00:29.478413',1,NULL),(39,'http://www.ruanyifeng.com/survivor/','','未来世界的幸存者 - 阮一峰的个人网站',NULL,'2020-05-08 15:00:29.479932','2020-05-08 15:00:29.479964','2020-05-08 15:00:29.479981',1,NULL),(40,'https://www.cls.cn/','','财联社-A股24小时电报,快速、准确、权威、专业_CLS.cn',NULL,'2020-05-08 15:00:29.481248','2020-05-08 15:00:29.481278','2020-05-08 15:00:29.481295',1,NULL),(41,'http://www.21jingji.com/','','21经济网 - 21世纪经济报道官方网站',NULL,'2020-05-08 15:00:29.482713','2020-05-08 15:00:29.482744','2020-05-08 15:00:29.482761',1,NULL),(42,'https://www.mzrcw.com/jobs/com_jobs_list/id/2721.html','','梅州微康网络科技有限公司的最新招聘信息-梅州人才网',NULL,'2020-05-08 15:00:29.483797','2020-05-08 15:00:29.483828','2020-05-08 15:00:29.483845',1,NULL),(43,'https://www.tianyancha.com/company/2323426036','','梅州市微康网络科技有限公司_工商信息_风险信息 - 天眼查',NULL,'2020-05-08 15:00:29.485870','2020-05-08 15:00:29.485916','2020-05-08 15:00:29.485934',1,NULL),(44,'https://www.nature.com/','','性质',NULL,'2020-05-08 15:00:29.493117','2020-05-08 15:00:29.493169','2020-05-08 15:00:29.493188',1,NULL),(45,'https://www.expreview.com/','','超能网 - 科技生活第一站',NULL,'2020-05-08 15:00:29.495307','2020-05-08 15:00:29.495367','2020-05-08 15:00:29.495388',1,NULL),(46,'http://www.fortunechina.com/','','财富中文网 - 财富论坛/全球论坛官网 - 集世界500强韬略 铸中国商界精英',NULL,'2020-05-08 15:00:29.496443','2020-05-08 15:00:29.496472','2020-05-08 15:00:29.496489',1,NULL),(47,'https://www.mckinsey.com/featured-insights/china','','中国| 麦肯锡公司',NULL,'2020-05-08 15:00:29.498016','2020-05-08 15:00:29.498048','2020-05-08 15:00:29.498066',1,NULL),(48,'http://www.people.com.cn/','','人民网_网上的人民日报',NULL,'2020-05-08 15:00:29.499081','2020-05-08 15:00:29.499110','2020-05-08 15:00:29.499126',1,NULL),(49,'https://www.scientificamerican.com/','','科学新闻，文章和信息 - 科学美国人',NULL,'2020-05-08 15:00:29.500425','2020-05-08 15:00:29.500461','2020-05-08 15:00:29.500477',1,NULL),(50,'https://www.forbes.com/sites/maddieberg/2019/02/19/the-greatest-investor-youve-never-heard-of-an-optometrist-who-beat-the-odds-to-become-a-billionaire/#3087f3af22e8','','The Greatest Investor You’ve Never Heard Of: An Optometrist Who Beat The Odds To Become A Billionaire',NULL,'2020-05-08 15:00:29.501998','2020-05-08 15:00:29.502039','2020-05-08 15:00:29.502058',1,NULL),(51,'https://www.wired.com/','','WIRED',NULL,'2020-05-08 15:00:29.503358','2020-05-08 15:00:29.503402','2020-05-08 15:00:29.503420',1,NULL),(52,'https://www.zhihu.com/people/liuyubobobo/activities','','刘宇波 - 知乎',NULL,'2020-05-08 15:00:29.505013','2020-05-08 15:00:29.505050','2020-05-08 15:00:29.505068',1,NULL),(53,'http://redditcn.com/','','reddit中文网',NULL,'2020-05-08 15:00:29.506764','2020-05-08 15:00:29.506804','2020-05-08 15:00:29.506821',1,NULL),(54,'http://www.techxinwen.com/','','科技资讯网|科技新闻网--最新最快科技新闻发布汇集平台。',NULL,'2020-05-08 15:00:29.508118','2020-05-08 15:00:29.508159','2020-05-08 15:00:29.508176',1,NULL),(55,'https://zh.flightaware.com/','','FlightAware - 航班跟踪/航班状态/飞行跟踪',NULL,'2020-05-08 15:00:29.513111','2020-05-08 15:00:29.513150','2020-05-08 15:00:29.513167',1,NULL),(56,'https://www.zhihu.com/topic/19559450/hot','','机器学习 - 知乎',NULL,'2020-05-08 15:00:29.515132','2020-05-08 15:00:29.515192','2020-05-08 15:00:29.515261',1,NULL),(57,'https://www.gfbzb.gov.cn/','','全国征兵网',NULL,'2020-05-08 15:00:29.516687','2020-05-08 15:00:29.516716','2020-05-08 15:00:29.516733',1,NULL),(58,'http://www.stats.gov.cn/','','国家统计局',NULL,'2020-05-08 15:00:29.518165','2020-05-08 15:00:29.518201','2020-05-08 15:00:29.518240',1,NULL),(59,'http://www.mycos.com.cn/index.php/Index','','麦可思',NULL,'2020-05-08 15:00:29.519137','2020-05-08 15:00:29.519163','2020-05-08 15:00:29.519179',1,NULL),(60,'https://www.youtube.com/','','YouTube',NULL,'2020-05-08 15:00:29.520015','2020-05-08 15:00:29.520045','2020-05-08 15:00:29.520061',1,NULL),(61,'https://steve02081504.github.io/','','只是一个Blog',NULL,'2020-05-08 15:00:29.521686','2020-05-08 15:00:29.521724','2020-05-08 15:00:29.521740',1,NULL),(62,'https://neets.cc/','','Neet_搜索站',NULL,'2020-05-08 15:00:29.522797','2020-05-08 15:00:29.522827','2020-05-08 15:00:29.522844',1,NULL),(63,'https://36kr.com/','','首页_36氪',NULL,'2020-05-08 15:00:29.523780','2020-05-08 15:00:29.523813','2020-05-08 15:00:29.523830',1,NULL),(64,'https://www.zcool.com.cn/','','站酷 (ZCOOL) - 设计师互动平台 - 打开站酷，发现更好的设计！',NULL,'2020-05-08 15:00:29.524917','2020-05-08 15:00:29.524949','2020-05-08 15:00:29.524966',1,NULL),(65,'https://zhuanlan.zhihu.com/yangyangfuture','','机器学习小知识 - 知乎',NULL,'2020-05-08 15:00:29.526265','2020-05-08 15:00:29.526294','2020-05-08 15:00:29.526311',1,NULL),(66,'https://www.kesci.com/home/project/5db1761475df5c002b22de01','','行人重识别简单的实现 - Kesci.com',NULL,'2020-05-08 15:00:29.527151','2020-05-08 15:00:29.527177','2020-05-08 15:00:29.527214',1,NULL),(67,'https://www.kesci.com/','','和鲸社区 - Kesci.com',NULL,'2020-05-08 15:00:29.528000','2020-05-08 15:00:29.528025','2020-05-08 15:00:29.528042',1,NULL),(68,'http://jqr.cnelc.com/','','中国机器人网',NULL,'2020-05-08 15:00:29.529219','2020-05-08 15:00:29.529250','2020-05-08 15:00:29.529267',1,NULL),(69,'https://www.qbitai.com/','','量子位 | 追踪人工智能新趋势，报道科技行业新突破',NULL,'2020-05-08 15:00:29.530120','2020-05-08 15:00:29.530150','2020-05-08 15:00:29.530166',1,NULL),(70,'http://www.ruanyifeng.com/blog/','','阮一峰的网络日志',NULL,'2020-05-08 15:00:29.531133','2020-05-08 15:00:29.531166','2020-05-08 15:00:29.531204',1,NULL),(71,'https://www.bilibili.com/','','哔哩哔哩 (゜-゜)つロ 干杯~-bilibili',NULL,'2020-05-08 15:00:29.532486','2020-05-08 15:00:29.532526','2020-05-08 15:00:29.532543',1,NULL),(72,'https://github.com/josephmisiti/awesome-machine-learning','','GitHub - josephmisiti/awesome-machine-learning: A curated list of awesome Machine Learning frameworks, libraries and software.',NULL,'2020-05-08 15:00:29.534670','2020-05-08 15:00:29.534711','2020-05-08 15:00:29.534728',1,NULL),(73,'https://www.bilibili.com/video/av76957303','','Middle-DJ Snake/Bipolar Sunshine 吉他演奏_哔哩哔哩 (゜-゜)つロ 干杯~-bilibili',NULL,'2020-05-08 15:00:29.535758','2020-05-08 15:00:29.535789','2020-05-08 15:00:29.535805',1,NULL),(74,'https://github.com/ujjwalkarn/Machine-Learning-Tutorials','','GitHub - ujjwalkarn/Machine-Learning-Tutorials: machine learning and deep learning tutorials, articles and other resources',NULL,'2020-05-08 15:00:29.537240','2020-05-08 15:00:29.537285','2020-05-08 15:00:29.537302',1,NULL),(75,'http://karpathy.github.io/','','Andrej Karpathy blog',NULL,'2020-05-08 15:00:29.539101','2020-05-08 15:00:29.539139','2020-05-08 15:00:29.539172',1,NULL),(76,'https://www.dataschool.io/','','数据学校',NULL,'2020-05-08 15:00:29.540330','2020-05-08 15:00:29.540359','2020-05-08 15:00:29.540375',1,NULL),(77,'https://simplystatistics.org/','','简单统计',NULL,'2020-05-08 15:00:29.541667','2020-05-08 15:00:29.541697','2020-05-08 15:00:29.541713',1,NULL),(78,'http://colah.github.io/','','Home - colah\'s blog',NULL,'2020-05-08 15:00:29.542743','2020-05-08 15:00:29.542780','2020-05-08 15:00:29.542797',1,NULL),(79,'https://mlwave.com/','','MLWave | 学习机器学习',NULL,'2020-05-08 15:00:29.544228','2020-05-08 15:00:29.544287','2020-05-08 15:00:29.544304',1,NULL),(80,'https://github.com/ethen8181/machine-learning','','GitHub-shanghai / shanghai：机器学习教程（主要在Python3中）',NULL,'2020-05-08 15:00:29.545903','2020-05-08 15:00:29.545934','2020-05-08 15:00:29.545950',1,NULL),(81,'https://omosky.com/','','欧默导航 | 一个专注于发现优质网站、媒体、资源的分类网址导航',NULL,'2020-05-08 15:00:29.546876','2020-05-08 15:00:29.546904','2020-05-08 15:00:29.546921',1,NULL),(82,'https://www.mianbaoban.cn/subscription.php?mod=new','','免费杂志订阅_EET电子工程专辑, ESM国际电子商情, EDN电子技术设计',NULL,'2020-05-08 15:00:29.547778','2020-05-08 15:00:29.547805','2020-05-08 15:00:29.547821',1,NULL),(83,'https://www.mianbaoban.cn/','','面包板社区-中国第一电子人社交平台',NULL,'2020-05-08 15:00:29.548689','2020-05-08 15:00:29.548715','2020-05-08 15:00:29.548732',1,NULL),(84,'https://open.163.com/','','网易公开课',NULL,'2020-05-08 15:00:29.550340','2020-05-08 15:00:29.550376','2020-05-08 15:00:29.550393',1,NULL),(85,'https://ke.qq.com/','','腾讯课堂_专业的在线教育平台(ke.qq.com)',NULL,'2020-05-08 15:00:29.551352','2020-05-08 15:00:29.551382','2020-05-08 15:00:29.551398',1,NULL),(86,'https://www.cnblogs.com/xiexj/archive/2019/08/14/11349946.html','','工作中常见的五种技术leader - 编程一生 - 博客园',NULL,'2020-05-08 15:00:29.553467','2020-05-08 15:00:29.553513','2020-05-08 15:00:29.553531',1,NULL),(87,'http://nodejs.cn/api/','','API 文档 | Node.js 中文网',NULL,'2020-05-08 15:00:29.555887','2020-05-08 15:00:29.555931','2020-05-08 15:00:29.555948',1,NULL),(88,'http://www.ccidnet.com/','','赛迪网_中国信息产业风向标',NULL,'2020-05-08 15:00:29.557664','2020-05-08 15:00:29.557693','2020-05-08 15:00:29.557710',1,NULL),(89,'http://www.ccidconsulting.com/','','赛迪顾问-思维创造世界',NULL,'2020-05-08 15:00:29.558567','2020-05-08 15:00:29.558592','2020-05-08 15:00:29.558608',1,NULL),(90,'https://task.zbj.com/','','项目外包_方案定制_专业服务众包平台-猪八戒网',NULL,'2020-05-08 15:00:29.559546','2020-05-08 15:00:29.559581','2020-05-08 15:00:29.559598',1,NULL),(91,'https://blog.csdn.net/daqiang012/article/details/81909153','','外包众包接单方法_外包,众包,威客_大强博客-CSDN博客',NULL,'2020-05-08 15:00:29.560714','2020-05-08 15:00:29.560741','2020-05-08 15:00:29.560757',1,NULL),(92,'https://blog.csdn.net/mawenshu316143866/article/details/88566273','','外包项目接单平台_做最专业的总结 大师-CSDN博客',NULL,'2020-05-08 15:00:29.561922','2020-05-08 15:00:29.561950','2020-05-08 15:00:29.561967',1,NULL),(93,'https://task.zbj.com/17226540/?pdcode=19','','小程序商城开发-微信小程序-猪八戒网',NULL,'2020-05-08 15:00:29.562823','2020-05-08 15:00:29.562850','2020-05-08 15:00:29.562866',1,NULL),(94,'https://www.azure.cn/zh-cn/#','','Azure 云计算–安全可信的智能云服务平台',NULL,'2020-05-08 15:00:29.563864','2020-05-08 15:00:29.563908','2020-05-08 15:00:29.563925',1,NULL),(95,'https://aws.amazon.com/cn/?nc2=h_lg','','AWS 云服务-专业的大数据和云计算服务以及云解决方案提供商',NULL,'2020-05-08 15:00:29.565282','2020-05-08 15:00:29.565327','2020-05-08 15:00:29.565343',1,NULL),(96,'https://cloud.tencent.com/','','腾讯云 - 产业智变 云启未来',NULL,'2020-05-08 15:00:29.566996','2020-05-08 15:00:29.567031','2020-05-08 15:00:29.567048',1,NULL),(97,'https://www.intel.cn/content/www/cn/zh/homepage.html?utm_campaign=2019_ao_gmc_cn_brand-campaign&utm_source=baidu&utm_medium=sem&utm_content=Intel_CN_Brand(S)&utm_term=CNIP_k_Intelbrand_302','','英特尔专注数据中心解决方案，物联网处理器笔记本电脑 - Intel 官网',NULL,'2020-05-08 15:00:29.568841','2020-05-08 15:00:29.568880','2020-05-08 15:00:29.568896',1,NULL),(98,'https://www.nvidia.cn/','','NVIDIA 引领人工智能计算 - NVIDIA',NULL,'2020-05-08 15:00:29.570673','2020-05-08 15:00:29.570711','2020-05-08 15:00:29.570728',1,NULL),(99,'https://www.deepmind.com/','','Homepage | DeepMind',NULL,'2020-05-08 15:00:29.572207','2020-05-08 15:00:29.572263','2020-05-08 15:00:29.572281',1,NULL),(100,'https://developer.apple.com/','','https://developer.apple.com',NULL,'2020-05-08 15:00:29.574281','2020-05-08 15:00:29.574313','2020-05-08 15:00:29.574329',1,NULL),(101,'https://developer.apple.com/develop/','','开发-Apple开发人员',NULL,'2020-05-08 15:00:29.578869','2020-05-08 15:00:29.578908','2020-05-08 15:00:29.578925',1,NULL),(102,'https://pay.weixin.qq.com/wiki/doc/api/micropay.php?chapter=9_10&index=1','','【微信支付】付款码支付开发者文档',NULL,'2020-05-08 15:00:29.580005','2020-05-08 15:00:29.580036','2020-05-08 15:00:29.580079',1,NULL),(103,'https://www.mapbox.com/','','地图框',NULL,'2020-05-08 15:00:29.581106','2020-05-08 15:00:29.581133','2020-05-08 15:00:29.581149',1,NULL),(104,'https://www.navinfo.com/','','四维图新，赋能智慧出行创造美好生活',NULL,'2020-05-08 15:00:29.582475','2020-05-08 15:00:29.582674','2020-05-08 15:00:29.582705',1,NULL),(105,'https://ctext.org/confucianism/zhs','','儒家 - 中国哲学书电子化计划',NULL,'2020-05-08 15:00:29.584652','2020-05-08 15:00:29.584690','2020-05-08 15:00:29.584707',1,NULL),(106,'https://developers.google.cn/china/#follow-google-developers-on-wechat','','Google 中国开发者  |  Google Developers',NULL,'2020-05-08 15:00:29.585980','2020-05-08 15:00:29.586008','2020-05-08 15:00:29.586047',1,NULL),(107,'https://ourworldindata.org/','','我们的数据世界',NULL,'2020-05-08 15:00:29.589241','2020-05-08 15:00:29.589290','2020-05-08 15:00:29.589310',1,NULL),(108,'http://www.gov.cn/index.htm','','中国政府网_中央人民政府门户网站',NULL,'2020-05-08 15:00:29.593567','2020-05-08 15:00:29.593613','2020-05-08 15:00:29.593633',1,NULL),(109,'https://segmentfault.com/','','SegmentFault 思否',NULL,'2020-05-08 15:00:29.594953','2020-05-08 15:00:29.594985','2020-05-08 15:00:29.595027',1,NULL),(110,'http://ncre.cqksy.cn/NCRE_EMS/StudentLogin.aspx','','NCRE报名系统',NULL,'2020-05-08 15:00:29.665347','2020-05-08 15:00:29.665392','2020-05-08 15:00:29.665412',1,NULL),(111,'https://bbskali.cn/portal.php','','kali 论坛 - 致力于网络安全',NULL,'2020-05-08 15:00:29.667113','2020-05-08 15:00:29.667150','2020-05-08 15:00:29.667168',1,NULL),(112,'https://www.cn-ki.net/','','iData-知识检索',NULL,'2020-05-08 15:00:29.668184','2020-05-08 15:00:29.668214','2020-05-08 15:00:29.668232',1,NULL),(113,'https://kyfw.12306.cn/otn/leftTicket/init?linktypeid=dc&fs=%E5%8D%97%E4%BA%AC,NJH&ts=%E9%BE%99%E5%B7%9D,LUQ&date=2019-06-21&flag=N,N,Y','','中国铁路12306',NULL,'2020-05-08 15:00:29.669498','2020-05-08 15:00:29.669537','2020-05-08 15:00:29.669566',1,NULL),(114,'https://xlab.tencent.com/cn/','','腾讯安全玄武实验室',NULL,'2020-05-08 15:00:29.670893','2020-05-08 15:00:29.670938','2020-05-08 15:00:29.670955',1,NULL),(115,'https://www.t00ls.net/','','T00LS - 低调求发展 - 潜心习安全',NULL,'2020-05-08 15:00:29.748061','2020-05-08 15:00:29.748127','2020-05-08 15:00:29.748162',1,NULL),(116,'https://sdk.cn/','','SDK.CN - 中国领先的开发者服务平台',NULL,'2020-05-08 15:00:29.749838','2020-05-08 15:00:29.749871','2020-05-08 15:00:29.749888',1,NULL),(117,'https://www.aliyun.com/?spm=5176.2020520132.0.0.XPSvPN','','阿里云-上云就上阿里云',NULL,'2020-05-08 15:00:29.751008','2020-05-08 15:00:29.751042','2020-05-08 15:00:29.751059',1,NULL),(118,'https://mashable.com/','','混搭',NULL,'2020-05-08 15:00:29.752148','2020-05-08 15:00:29.752193','2020-05-08 15:00:29.752209',1,NULL),(119,'http://api.animetrics.com/','','FaceR API',NULL,'2020-05-08 15:00:29.754800','2020-05-08 15:00:29.754844','2020-05-08 15:00:29.754860',1,NULL),(120,'https://docs.juliacn.com/latest/index.html','','主页 · Julia中文文档',NULL,'2020-05-08 15:00:29.756265','2020-05-08 15:00:29.756297','2020-05-08 15:00:29.756313',1,NULL),(121,'https://docs.swift.org/swift-book/GuidedTour/GuidedTour.html','','Swift Tour - Swift编程语言（Swift 5.1）',NULL,'2020-05-08 15:00:29.757949','2020-05-08 15:00:29.757976','2020-05-08 15:00:29.757992',1,NULL),(122,'https://swift.org/documentation/','','Swift.org - 文档',NULL,'2020-05-08 15:00:29.759961','2020-05-08 15:00:29.759999','2020-05-08 15:00:29.760018',1,NULL),(123,'https://wiki.open.qq.com/wiki/%E3%80%90QQ%E7%99%BB%E5%BD%95%E3%80%91get_user_info','','【QQ登录】get_user_info - 腾讯开放平台',NULL,'2020-05-08 15:00:29.761595','2020-05-08 15:00:29.761629','2020-05-08 15:00:29.761647',1,NULL),(124,'https://miku.tools/','','MikuTools - 一个轻量的工具集合',NULL,'2020-05-08 15:00:29.762619','2020-05-08 15:00:29.762649','2020-05-08 15:00:29.762667',1,NULL),(125,'http://www.blackmagicdesign.com/products/davinciresolve/','','DaVinci Resolve 16 | Blackmagic Design',NULL,'2020-05-08 15:00:29.765312','2020-05-08 15:00:29.765348','2020-05-08 15:00:29.765367',1,NULL),(126,'https://git-scm.com/book/en/v2/Getting-Started-Installing-Git','','Git - 安装Git',NULL,'2020-05-08 15:00:29.766788','2020-05-08 15:00:29.766820','2020-05-08 15:00:29.766837',1,NULL),(127,'http://fanyi.youdao.com/','','在线翻译_有道',NULL,'2020-05-08 15:00:29.768008','2020-05-08 15:00:29.768038','2020-05-08 15:00:29.768055',1,NULL),(128,'https://www.jiumodiary.com/','','Jiumo Search 鸠摩搜索 - 文档搜索引擎',NULL,'2020-05-08 15:00:29.769631','2020-05-08 15:00:29.769679','2020-05-08 15:00:29.769698',1,NULL),(129,'https://fanyi.baidu.com/','','百度翻译',NULL,'2020-05-08 15:00:29.771335','2020-05-08 15:00:29.771381','2020-05-08 15:00:29.771398',1,NULL),(130,'https://www.darwinmail.app/','','Darwin Mail',NULL,'2020-05-08 15:00:29.772717','2020-05-08 15:00:29.772750','2020-05-08 15:00:29.772767',1,NULL),(131,'https://blog.csdn.net/womenjiademao/article/details/83416884','','智能语音助手的工作原理是？先了解自然语言处理(NLP)与自然语言生成(NLG) - womenjiademao的博客 - CSDN博客',NULL,'2020-05-08 15:00:29.774180','2020-05-08 15:00:29.774214','2020-05-08 15:00:29.774231',1,NULL),(132,'http://www.blackmagicdesign.com/cn/products/davinciresolve/','','DaVinci Resolve 16 | Blackmagic Design',NULL,'2020-05-08 15:00:29.776593','2020-05-08 15:00:29.776636','2020-05-08 15:00:29.776654',1,NULL),(133,'http://www.hippter.com/','','HiPPTER | PPT资源导航 | PPT模板图表等设计素材免费下载',NULL,'2020-05-08 15:00:29.778521','2020-05-08 15:00:29.778586','2020-05-08 15:00:29.778629',1,NULL),(134,'http://hao.uisdc.com/','','优设导航 - 学设计从这里开始！',NULL,'2020-05-08 15:00:29.779964','2020-05-08 15:00:29.779995','2020-05-08 15:00:29.780011',1,NULL),(135,'https://mathoverflow.net/','','MathOverflow',NULL,'2020-05-08 15:00:29.780957','2020-05-08 15:00:29.780991','2020-05-08 15:00:29.781010',1,NULL),(136,'https://search.chongbuluo.com/','','快搜 - 搜索快人一步 - Google',NULL,'2020-05-08 15:00:29.782371','2020-05-08 15:00:29.782404','2020-05-08 15:00:29.782422',1,NULL),(137,'https://scholar.chongbuluo.com/','','学术搜索 - 站在巨人的肩膀上 - Google 学术',NULL,'2020-05-08 15:00:29.783393','2020-05-08 15:00:29.783423','2020-05-08 15:00:29.783441',1,NULL),(138,'http://data.chongbuluo.com/','','数据搜索 - 让数据搜索更简单 - 微信指数',NULL,'2020-05-08 15:00:29.784349','2020-05-08 15:00:29.784379','2020-05-08 15:00:29.784397',1,NULL),(139,'http://www.xszydq.com/','','学术资源大全 | 致力打造高校研究人员最佳的资源获取平台 | 学术资源 | 学术网站 | 学术权威 | 学术网',NULL,'2020-05-08 15:00:29.786004','2020-05-08 15:00:29.786036','2020-05-08 15:00:29.786053',1,NULL),(140,'https://bookfere.com/','','书伴 – 为静心阅读而生',NULL,'2020-05-08 15:00:29.786945','2020-05-08 15:00:29.786975','2020-05-08 15:00:29.786991',1,NULL),(141,'http://cn.epubee.com/reader/?ismobile=0','','电子书阅读器，在线阅读，在线书库，支持MOBI, AZW3, EPUB, TXT, PRC等',NULL,'2020-05-08 15:00:29.787931','2020-05-08 15:00:29.787961','2020-05-08 15:00:29.787977',1,NULL),(142,'https://www.gutenberg.org/wiki/Main_Page','','Gutenberg',NULL,'2020-05-08 15:00:29.789221','2020-05-08 15:00:29.789263','2020-05-08 15:00:29.789279',1,NULL),(143,'http://cn.epubee.com/extension.html','','ePUBee插件for Chrome, 为读书爱好者检索书籍提供方便',NULL,'2020-05-08 15:00:29.790949','2020-05-08 15:00:29.791004','2020-05-08 15:00:29.791020',1,NULL),(144,'https://wallhaven.cc/','','Awesome Wallpapers - wallhaven.cc',NULL,'2020-05-08 15:00:29.793027','2020-05-08 15:00:29.793066','2020-05-08 15:00:29.793085',1,NULL),(145,'https://www.cilimao.group/','','磁力猫 - 懂你的磁力链接搜索引擎',NULL,'2020-05-08 15:00:29.794495','2020-05-08 15:00:29.794528','2020-05-08 15:00:29.794545',1,NULL),(146,'https://luis.ai/home','','LUIS (Language Understanding) – Cognitive Services – Microsoft Azure',NULL,'2020-05-08 15:00:29.795442','2020-05-08 15:00:29.795475','2020-05-08 15:00:29.795492',1,NULL),(147,'https://mp.weixin.qq.com/s?__biz=Mzg3MTE0NDE2NA==&mid=100002286&idx=1&sn=4486dcae1157888d0b9fa0c0fbc55321&chksm=4e82466579f5cf735c8e1c9fd6bb6f33b2c576f8c8fae5e04768247da7182b8e522e4e2a6c5d#rd','','搜罗软件实用工具汇总',NULL,'2020-05-08 15:00:29.796289','2020-05-08 15:00:29.796315','2020-05-08 15:00:29.796331',1,NULL),(148,'http://fanyi.youdao.com/?keyfrom=dict2.index','','在线翻译_有道',NULL,'2020-05-08 15:00:29.797668','2020-05-08 15:00:29.797703','2020-05-08 15:00:29.797720',1,NULL),(149,'https://market.aliyun.com/data','','API_API接口平台_API数据【最新】_API接口大全_API认证 - 阿里云',NULL,'2020-05-08 15:00:29.798907','2020-05-08 15:00:29.798943','2020-05-08 15:00:29.798959',1,NULL),(150,'https://home.cern/science/experiments/alice','','爱丽丝| CERN',NULL,'2020-05-08 15:00:29.800354','2020-05-08 15:00:29.800390','2020-05-08 15:00:29.800407',1,NULL),(151,'https://www.ranks.nl/stopwords','','Stopwords',NULL,'2020-05-08 15:00:29.801864','2020-05-08 15:00:29.801892','2020-05-08 15:00:29.801908',1,NULL),(152,'https://www.happyhues.co/','','Happy Hues - Curated colors in context.',NULL,'2020-05-08 15:00:29.802887','2020-05-08 15:00:29.802917','2020-05-08 15:00:29.802933',1,NULL),(153,'https://www.unrealengine.com/zh-CN/what-is-unreal-engine-4','','什么是虚幻引擎4',NULL,'2020-05-08 15:00:29.803963','2020-05-08 15:00:29.804004','2020-05-08 15:00:29.804021',1,NULL),(154,'http://staruml.io/','','StarUML',NULL,'2020-05-08 15:00:29.805883','2020-05-08 15:00:29.805966','2020-05-08 15:00:29.805990',1,NULL),(155,'https://github.com/Manisso/fsociety','','Manisso/fsociety: fsociety Hacking Tools Pack – A Penetration Testing Framework',NULL,'2020-05-08 15:00:29.807202','2020-05-08 15:00:29.807235','2020-05-08 15:00:29.807251',1,NULL),(156,'https://mp.weixin.qq.com/s/FzB5L4Ri0UjmEKvHTgNnfA','','2019年终黑客工具盘点-最佳篇',NULL,'2020-05-08 15:00:29.808674','2020-05-08 15:00:29.808725','2020-05-08 15:00:29.808742',1,NULL),(157,'https://www.bt.cn/','','宝塔面板 - 简单好用的Linux/Windows服务器运维管理面板',NULL,'2020-05-08 15:00:29.810710','2020-05-08 15:00:29.810746','2020-05-08 15:00:29.810763',1,NULL),(158,'https://developer.aliyun.com/mirror/','','阿里巴巴开源镜像站-OPSX镜像站-阿里云开发者社区',NULL,'2020-05-08 15:00:29.811703','2020-05-08 15:00:29.811730','2020-05-08 15:00:29.811746',1,NULL),(159,'http://mirrors.163.com/','','欢迎访问网易开源镜像站',NULL,'2020-05-08 15:00:29.812581','2020-05-08 15:00:29.812606','2020-05-08 15:00:29.812623',1,NULL),(160,'https://b-ok.org/book/2080576/ed6750?dsource=recommend','','Arduino workshop: a hands-on introduction with 65 projects | John Boxall | download',NULL,'2020-05-08 15:00:29.814189','2020-05-08 15:00:29.814227','2020-05-08 15:00:29.814244',1,NULL),(161,'https://labs.f-secure.com/tools/drozer/','','Drozer',NULL,'2020-05-08 15:00:29.815735','2020-05-08 15:00:29.815767','2020-05-08 15:00:29.815784',1,NULL),(162,'https://www.virtualbox.org/wiki/Downloads','','下载– Oracle VM VirtualBox',NULL,'2020-05-08 15:00:29.817085','2020-05-08 15:00:29.817116','2020-05-08 15:00:29.817133',1,NULL),(163,'https://bbskali.cn/portal.php?mod=view&aid=88','','kali 笔记Kali 笔记{subject} - 致力于网络安全',NULL,'2020-05-08 15:00:29.818670','2020-05-08 15:00:29.818706','2020-05-08 15:00:29.818725',1,NULL),(164,'https://www.cnblogs.com/heycomputer/articles/10692529.html','','教你破解隔壁妹子的wifi密码，成功率高达90% - zyjsuper2 - 博客园',NULL,'2020-05-08 15:00:29.819658','2020-05-08 15:00:29.819692','2020-05-08 15:00:29.819711',1,NULL),(165,'https://wpscan.org/','','WPScan一个WordPress漏洞扫描程序',NULL,'2020-05-08 15:00:29.820686','2020-05-08 15:00:29.820716','2020-05-08 15:00:29.820733',1,NULL),(166,'http://www.gdtz.gov.cn/tybm/index.action','','广东省投资项目在线审批监管平台',NULL,'2020-05-08 15:00:29.821623','2020-05-08 15:00:29.821655','2020-05-08 15:00:29.821672',1,NULL),(167,'https://www.iconfont.cn/manage/index?spm=a313x.7781069.1998910419.11&manage_type=myprojects&projectId=1625896&keyword=&project_type=','','Iconfont-阿里巴巴矢量图标库',NULL,'2020-05-08 15:00:29.822604','2020-05-08 15:00:29.822632','2020-05-08 15:00:29.822648',1,NULL),(168,'http://www.notr.tech/','','Notr内网穿透',NULL,'2020-05-08 15:00:29.823525','2020-05-08 15:00:29.823551','2020-05-08 15:00:29.823568',1,NULL),(169,'http://www.liangxu.co/resource','','资源列表_良许的个人网站',NULL,'2020-05-08 15:00:29.826425','2020-05-08 15:00:29.826494','2020-05-08 15:00:29.826513',1,NULL),(170,'http://fontawesome.dashgame.com/','','Font Awesome，一套绝佳的图标字体库和CSS框架',NULL,'2020-05-08 15:00:29.828031','2020-05-08 15:00:29.828097','2020-05-08 15:00:29.828117',1,NULL),(171,'https://meizhou.zbj.com/sem/index?pmcode=125623539&utm_source=bdpz&utm_medium=SEM','','猪八戒网梅州站,领先的一站式企业外包服务平台',NULL,'2020-05-08 15:00:29.830133','2020-05-08 15:00:29.830169','2020-05-08 15:00:29.830186',1,NULL),(172,'https://www.jfh.com/','','中软国际解放号-专业可信的软件生态云平台，软件开发外包全流程监管的众包平台',NULL,'2020-05-08 15:00:29.831696','2020-05-08 15:00:29.831737','2020-05-08 15:00:29.831754',1,NULL),(173,'https://getfedora.org/en/server/download/','','下载Fedora服务器',NULL,'2020-05-08 15:00:29.834628','2020-05-08 15:00:29.834673','2020-05-08 15:00:29.834693',1,NULL),(174,'https://www.altairsmartworks.com/','','Altair SmartWorks | Home',NULL,'2020-05-08 15:00:29.836994','2020-05-08 15:00:29.837038','2020-05-08 15:00:29.837056',1,NULL),(175,'http://www.kdniao.com/','','【快递鸟】快递单号查询接口,免费电子面单API_全球物流接口服务商',NULL,'2020-05-08 15:00:29.838894','2020-05-08 15:00:29.838930','2020-05-08 15:00:29.838947',1,NULL),(176,'https://dribbble.com/','','Dribbble - Discover the World’s Top Designers & Creative Professionals',NULL,'2020-05-08 15:00:29.840130','2020-05-08 15:00:29.840160','2020-05-08 15:00:29.840177',1,NULL),(177,'https://cwiki.apache.org/confluence/display/httpd/Apache%20%e4%b8%ad%e6%96%87%e6%96%87%e6%a1%a3#','','Apache 中文文档 - HTTPD - Apache Software Foundation',NULL,'2020-05-08 15:00:29.841931','2020-05-08 15:00:29.841973','2020-05-08 15:00:29.841990',1,NULL),(178,'https://nmap.org/download.html','','Download the Free Nmap Security Scanner for Linux/Mac/Windows',NULL,'2020-05-08 15:00:29.843612','2020-05-08 15:00:29.843647','2020-05-08 15:00:29.843663',1,NULL),(179,'https://unsplash.com/t/nature','','Nature Images | Download Free Images on Unsplash',NULL,'2020-05-08 15:00:29.844741','2020-05-08 15:00:29.844775','2020-05-08 15:00:29.844792',1,NULL),(180,'https://lightpdf.com/','','LightPDF – Edit, Convert PDF Files Online for Free',NULL,'2020-05-08 15:00:29.853017','2020-05-08 15:00:29.853092','2020-05-08 15:00:29.853111',1,NULL),(181,'https://www.wondershare.cn/','','万兴科技 - 让简单创意的科技无处不在',NULL,'2020-05-08 15:00:29.854850','2020-05-08 15:00:29.854882','2020-05-08 15:00:29.854900',1,NULL),(182,'https://www.post-it.com/3M/en_US/post-it/','','Post-it Think Loud',NULL,'2020-05-08 15:00:29.855759','2020-05-08 15:00:29.855787','2020-05-08 15:00:29.855804',1,NULL),(183,'https://github.com/python-fan/pdf2word','','python-fan / pdf2word：60行代码实现多线程PDF转Word',NULL,'2020-05-08 15:00:29.856643','2020-05-08 15:00:29.856668','2020-05-08 15:00:29.856684',1,NULL),(184,'https://blog.csdn.net/qianlong4526888/article/details/11269129','','【How to read a paper】如何读论文_网络_Heron——Linux & ARM-CSDN博客',NULL,'2020-05-08 15:00:29.857619','2020-05-08 15:00:29.857647','2020-05-08 15:00:29.857664',1,NULL),(185,'https://down.52pojie.cn/Tools/','','爱盘 - 最新的在线破解工具包',NULL,'2020-05-08 15:00:29.858912','2020-05-08 15:00:29.858940','2020-05-08 15:00:29.858957',1,NULL),(186,'https://www.cnblogs.com/renpingsheng/p/7171950.html','','python中math模块常用的方法整理 - renpingsheng - 博客园',NULL,'2020-05-08 15:00:29.859968','2020-05-08 15:00:29.860008','2020-05-08 15:00:29.860025',1,NULL),(187,'https://www.cnblogs.com/linjiqin/category/284844.html','','android菜单与对话框 - 随笔分类 - Ruthless - 博客园',NULL,'2020-05-08 15:00:29.861780','2020-05-08 15:00:29.861811','2020-05-08 15:00:29.861828',1,NULL),(188,'https://www.cnblogs.com/stoker/p/9101825.html','','Python开源项目Top30 - stoker - 博客园',NULL,'2020-05-08 15:00:29.862721','2020-05-08 15:00:29.862747','2020-05-08 15:00:29.862763',1,NULL),(189,'https://www.cnblogs.com/stoker/p/9101820.html','','TensorFlow学习资源 - stoker - 博客园',NULL,'2020-05-08 15:00:29.863578','2020-05-08 15:00:29.863603','2020-05-08 15:00:29.863619',1,NULL),(190,'https://segmentfault.com/a/1190000013953185?utm_source=tag-newest','','在Python中使用科大讯飞Web API进行语音合成 - 学习笔记 - SegmentFault 思否',NULL,'2020-05-08 15:00:29.864464','2020-05-08 15:00:29.864490','2020-05-08 15:00:29.864506',1,NULL),(191,'https://blog.csdn.net/qq_33508087/article/details/81147926','','python-语音识别+语音合成 - zhp搁浅的博客 - CSDN博客',NULL,'2020-05-08 15:00:29.865772','2020-05-08 15:00:29.865808','2020-05-08 15:00:29.865827',1,NULL),(192,'http://mary.dfki.de:59125/','','MARY Web客户端',NULL,'2020-05-08 15:00:29.866847','2020-05-08 15:00:29.866881','2020-05-08 15:00:29.866899',1,NULL),(193,'https://docs.python.org/3.7/library/math.html','','math - 数学函数 - Python 3.7.3文档',NULL,'2020-05-08 15:00:29.868023','2020-05-08 15:00:29.868057','2020-05-08 15:00:29.868075',1,NULL),(194,'https://morvanzhou.github.io/tutorials/python-basic/tkinter/','','Tkinter GUI 教程系列 | 莫烦Python',NULL,'2020-05-08 15:00:29.869513','2020-05-08 15:00:29.869553','2020-05-08 15:00:29.869571',1,NULL),(195,'https://www.jianshu.com/p/311749e3b91a','','python界面 | 实战Tkinter图形界面开发 - 简书',NULL,'2020-05-08 15:00:29.871913','2020-05-08 15:00:29.871961','2020-05-08 15:00:29.871980',1,NULL),(196,'https://www.liaoxuefeng.com/wiki/1016959663602400/1019223241745024','','urllib - 廖雪峰的官方网站',NULL,'2020-05-08 15:00:29.873505','2020-05-08 15:00:29.873537','2020-05-08 15:00:29.873555',1,NULL),(197,'https://docs.python.org/3/library/urllib.html','','urllib — URL handling modules — Python 3.7.3 documentation',NULL,'2020-05-08 15:00:29.874968','2020-05-08 15:00:29.875023','2020-05-08 15:00:29.875045',1,NULL),(198,'https://blog.csdn.net/qq_38526635/article/details/81748217','','Python中threading模块 - 宇宙无敌大帅锅 - CSDN博客',NULL,'2020-05-08 15:00:29.876606','2020-05-08 15:00:29.876653','2020-05-08 15:00:29.876670',1,NULL),(199,'https://www.cnblogs.com/zhangxinqi/p/9210211.html','','python3解析库lxml - Py.qi - 博客园',NULL,'2020-05-08 15:00:29.878165','2020-05-08 15:00:29.878218','2020-05-08 15:00:29.878241',1,NULL),(200,'https://wxpy.readthedocs.io/zh/latest/','','wxpy: 用 Python 玩微信 — wxpy 0.3.9.8 文档',NULL,'2020-05-08 15:00:29.879779','2020-05-08 15:00:29.879805','2020-05-08 15:00:29.879822',1,NULL),(201,'https://www.cnblogs.com/ginvip/p/6439679.html','','python之OS模块详解 - 琴酒网络 - 博客园',NULL,'2020-05-08 15:00:29.881066','2020-05-08 15:00:29.881099','2020-05-08 15:00:29.881116',1,NULL),(202,'http://phantomjs.org/download.html','','Download PhantomJS',NULL,'2020-05-08 15:00:29.882588','2020-05-08 15:00:29.882625','2020-05-08 15:00:29.882642',1,NULL),(203,'https://pypi.org/project/scikit-learn/#files','','scikit-learn · PyPI',NULL,'2020-05-08 15:00:29.883700','2020-05-08 15:00:29.883730','2020-05-08 15:00:29.883747',1,NULL),(204,'https://docs.python.org/3.6/library/index.html#library-index','','Python标准库 - Python 3.6.8文档',NULL,'2020-05-08 15:00:29.884641','2020-05-08 15:00:29.884671','2020-05-08 15:00:29.884688',1,NULL),(205,'https://docs.python.org/zh-cn/3/tutorial/index.html','','Python 教程 — Python 3.7.4 文档',NULL,'2020-05-08 15:00:29.886383','2020-05-08 15:00:29.886426','2020-05-08 15:00:29.886443',1,NULL),(206,'https://docs.python.org/zh-cn/3/library/index.html','','Python 标准库 — Python 3.7.4 文档',NULL,'2020-05-08 15:00:29.887715','2020-05-08 15:00:29.887755','2020-05-08 15:00:29.887771',1,NULL),(207,'https://boostnote.io/','','Boostnote | Boost Happiness, Productivity, and Creativity.',NULL,'2020-05-08 15:00:29.889927','2020-05-08 15:00:29.889966','2020-05-08 15:00:29.889983',1,NULL),(208,'https://pendulum.eustace.io/','','Pendulum - Python日期时间变得简单',NULL,'2020-05-08 15:00:29.891018','2020-05-08 15:00:29.891043','2020-05-08 15:00:29.891059',1,NULL),(209,'http://www.nltk.org/','','自然语言工具包 - NLTK 3.4.4文档',NULL,'2020-05-08 15:00:29.891971','2020-05-08 15:00:29.891995','2020-05-08 15:00:29.892012',1,NULL),(210,'https://docs.djangoproject.com/en/dev/ref/contrib/gis/','','GeoDjango | Django文档| Django的',NULL,'2020-05-08 15:00:29.893272','2020-05-08 15:00:29.893305','2020-05-08 15:00:29.893324',1,NULL),(211,'https://pendulum.eustace.io/docs/','','文档| Pendulum - Python日期时间变得简单',NULL,'2020-05-08 15:00:29.897589','2020-05-08 15:00:29.897636','2020-05-08 15:00:29.897656',1,NULL),(212,'https://www.cnblogs.com/littlemujiang/p/pyAudioAnalysis-wen-dang.html','','音频分析框架pyAudioAnalysis文档 - littlemujiang - 博客园',NULL,'2020-05-08 15:00:29.900202','2020-05-08 15:00:29.900257','2020-05-08 15:00:29.900275',1,NULL),(213,'http://librosa.github.io/librosa/index.html','','LibROSA - librosa 0.7.0文档',NULL,'2020-05-08 15:00:29.903945','2020-05-08 15:00:29.904016','2020-05-08 15:00:29.904035',1,NULL),(214,'https://pyglet.readthedocs.io/en/latest/','','pyglet文档 - pyglet v1.4.0b1',NULL,'2020-05-08 15:00:29.906415','2020-05-08 15:00:29.906456','2020-05-08 15:00:29.906473',1,NULL),(215,'https://www.panda3d.org/manual/','','Manual | Panda3D',NULL,'2020-05-08 15:00:29.907863','2020-05-08 15:00:29.907919','2020-05-08 15:00:29.907937',1,NULL),(216,'https://pyglet.readthedocs.io/en/latest/programming_guide/context.html','','创建OpenGL上下文 - pyglet v1.4.0b1',NULL,'2020-05-08 15:00:29.910061','2020-05-08 15:00:29.910146','2020-05-08 15:00:29.910167',1,NULL),(217,'https://journals.plos.org/plosone/article?id=10.1371/journal.pone.0144610','','pyAudioAnalysis：用于音频信号分析的开源Python库',NULL,'2020-05-08 15:00:29.911763','2020-05-08 15:00:29.911795','2020-05-08 15:00:29.911814',1,NULL),(218,'https://www.cnblogs.com/littlemujiang/p/pyAudioAnalysis-wen-dang.html#toc_9','','音频分析框架pyAudioAnalysis文档 - littlemujiang - 博客园',NULL,'2020-05-08 15:00:29.912750','2020-05-08 15:00:29.912776','2020-05-08 15:00:29.912794',1,NULL),(219,'https://docs.seleniumhq.org/','','Selenium - Web浏览器自动化',NULL,'2020-05-08 15:00:29.914024','2020-05-08 15:00:29.914050','2020-05-08 15:00:29.914068',1,NULL),(220,'https://selenium-python.readthedocs.io/api.html#module-selenium.webdriver.remote.webelement','','7. WebDriver API - Selenium Python Bindings 2文档',NULL,'2020-05-08 15:00:29.914965','2020-05-08 15:00:29.914990','2020-05-08 15:00:29.915007',1,NULL),(221,'https://people.csail.mit.edu/hubert/pyaudio/docs/','','PyAudio Documentation — PyAudio 0.2.11 documentation',NULL,'2020-05-08 15:00:29.915885','2020-05-08 15:00:29.915910','2020-05-08 15:00:29.915927',1,NULL),(222,'https://pypi.org/project/PyAudio/','','PyAudio · PyPI',NULL,'2020-05-08 15:00:29.916814','2020-05-08 15:00:29.916837','2020-05-08 15:00:29.916854',1,NULL),(223,'https://blog.csdn.net/marksinoberg/article/details/71577704','','处理音频--pyaudio - 更上一层楼！ - CSDN博客',NULL,'2020-05-08 15:00:29.918221','2020-05-08 15:00:29.918246','2020-05-08 15:00:29.918262',1,NULL),(224,'https://blog.csdn.net/qq_29934825/article/details/82982737','','python实现录音功能，可随时停止录音 - qq_29934825的博客 - CSDN博客',NULL,'2020-05-08 15:00:29.919152','2020-05-08 15:00:29.919176','2020-05-08 15:00:29.919192',1,NULL),(225,'https://github.com/chenb67/neuralconvo','','chenb67/neuralconvo: Neural conversational model in Torch',NULL,'2020-05-08 15:00:29.920060','2020-05-08 15:00:29.920108','2020-05-08 15:00:29.920126',1,NULL),(226,'https://google.github.io/seq2seq/getting_started/','','入门 - seq2seq',NULL,'2020-05-08 15:00:29.921454','2020-05-08 15:00:29.921480','2020-05-08 15:00:29.921497',1,NULL),(227,'https://blog.csdn.net/qq_43174128/article/details/82595317','','python: fuzzywuzzy学习笔记 - qq_43174128的博客 - CSDN博客',NULL,'2020-05-08 15:00:29.922369','2020-05-08 15:00:29.922394','2020-05-08 15:00:29.922410',1,NULL),(228,'https://blog.csdn.net/wacthamu/article/details/88932951','','Tushare 介绍使用 - wacthamu的专栏 - CSDN博客',NULL,'2020-05-08 15:00:29.923266','2020-05-08 15:00:29.923291','2020-05-08 15:00:29.923307',1,NULL),(229,'https://blog.csdn.net/sjpljr/article/details/80740912','','关于tushare实盘操作的方法 - bluewater的专栏 - CSDN博客',NULL,'2020-05-08 15:00:29.924512','2020-05-08 15:00:29.924540','2020-05-08 15:00:29.924557',1,NULL),(230,'http://tushare.waditu.com/index.html','','tushare.waditu.com/index.html',NULL,'2020-05-08 15:00:29.930461','2020-05-08 15:00:29.930502','2020-05-08 15:00:29.930520',1,NULL),(231,'http://xiyoumc.0x2048.com/ncmbot/#/?id=ncmbot','','ncmbot - ncmbot',NULL,'2020-05-08 15:00:29.934185','2020-05-08 15:00:29.934233','2020-05-08 15:00:29.934252',1,NULL),(232,'http://xiyoumc.0x2048.com/ncmbot/#/?id=%e5%ae%89%e8%a3%85','','ncmbot - ncmbot',NULL,'2020-05-08 15:00:29.936439','2020-05-08 15:00:29.936502','2020-05-08 15:00:29.936520',1,NULL),(233,'https://www.lfd.uci.edu/~gohlke/pythonlibs/','','Python Extension Packages for Windows - Christoph Gohlke',NULL,'2020-05-08 15:00:29.939000','2020-05-08 15:00:29.939091','2020-05-08 15:00:29.939110',1,NULL),(234,'https://pysimplegui.readthedocs.io/en/latest/#install','','PySimpleGUI',NULL,'2020-05-08 15:00:29.940690','2020-05-08 15:00:29.940742','2020-05-08 15:00:29.940777',1,NULL),(235,'https://www.cnblogs.com/qiangayz/category/1194021.html','','django - 随笔分类 - 梦中琴歌 - 博客园',NULL,'2020-05-08 15:00:29.942715','2020-05-08 15:00:29.942750','2020-05-08 15:00:29.942769',1,NULL),(236,'https://docs.python.org/3/library/tkinter.html','','tkinter — Python interface to Tcl/Tk — Python 3.7.5rc1 documentation',NULL,'2020-05-08 15:00:29.943702','2020-05-08 15:00:29.943727','2020-05-08 15:00:29.943744',1,NULL),(237,'https://blog.csdn.net/ahilll/article/details/81531587','','Python GUI之tkinter窗口视窗教程大集合（看这篇就够了） - ahilll的博客 - CSDN博客',NULL,'2020-05-08 15:00:29.944619','2020-05-08 15:00:29.944645','2020-05-08 15:00:29.944661',1,NULL),(238,'https://deeplearning-ai.github.io/machine-learning-yearning-cn/','','机器学习训练秘籍',NULL,'2020-05-08 15:00:29.945953','2020-05-08 15:00:29.945978','2020-05-08 15:00:29.945994',1,NULL),(239,'http://amlbook.com/','','从数据中学习 - 短期课程',NULL,'2020-05-08 15:00:29.946817','2020-05-08 15:00:29.946841','2020-05-08 15:00:29.946858',1,NULL),(240,'https://github.com/RedstoneWill/NTU-HsuanTienLin-MachineLearning','','RedstoneWill/NTU-HsuanTienLin-MachineLearning',NULL,'2020-05-08 15:00:29.947818','2020-05-08 15:00:29.947842','2020-05-08 15:00:29.947859',1,NULL),(241,'https://www.cnblogs.com/insane-Mr-Li/p/9092619.html','','python里面的xlrd模块详解（一） - 疯了的小蜗 - 博客园',NULL,'2020-05-08 15:00:29.948851','2020-05-08 15:00:29.948879','2020-05-08 15:00:29.948895',1,NULL),(242,'https://www.parl.ai/docs/tutorial_quick.html','','ParlAI Quick-start — ParlAI documentation',NULL,'2020-05-08 15:00:29.950287','2020-05-08 15:00:29.950324','2020-05-08 15:00:29.950342',1,NULL),(243,'https://github.com/pender/chatbot-rnn','','GitHub - pender / chatbot-rnn：一个玩具聊天机器人，由深度学习和Reddit数据培训提供支持',NULL,'2020-05-08 15:00:29.951480','2020-05-08 15:00:29.951514','2020-05-08 15:00:29.951530',1,NULL),(244,'https://github.com/facebookresearch/ParlAI','','GitHub - facebookresearch/ParlAI: A framework for training and evaluating AI models on a variety of openly available dialogue datasets.',NULL,'2020-05-08 15:00:29.952802','2020-05-08 15:00:29.952835','2020-05-08 15:00:29.952851',1,NULL),(245,'https://mp.weixin.qq.com/s/9gAS3elXSnXKXdinsr9tTg','','磐创AI',NULL,'2020-05-08 15:00:29.954913','2020-05-08 15:00:29.954952','2020-05-08 15:00:29.954968',1,NULL),(246,'https://blog.csdn.net/qq_37482202/article/details/84145028','','教你用Python写一个聊天机器人 - 流月的博客 - CSDN博客',NULL,'2020-05-08 15:00:29.957647','2020-05-08 15:00:29.957683','2020-05-08 15:00:29.957702',1,NULL),(247,'https://blog.csdn.net/malefactor/article/details/51901115','','使用深度学习打造智能聊天机器人 - 张俊林的博客 - CSDN博客',NULL,'2020-05-08 15:00:29.959266','2020-05-08 15:00:29.959300','2020-05-08 15:00:29.959318',1,NULL),(248,'https://www.cnblogs.com/think90/p/7061739.html','','Tensorflow打造聊天机器人 - 曹明 - 博客园',NULL,'2020-05-08 15:00:29.960289','2020-05-08 15:00:29.960321','2020-05-08 15:00:29.960339',1,NULL),(249,'https://github.com/chiphuyen/stanford-tensorflow-tutorials/tree/master/assignments/chatbot','','stanford-tensorflow-tutorials / assignment / chatbot at master·chiphuyen / stanford-tensorflow-tutorials',NULL,'2020-05-08 15:00:29.961390','2020-05-08 15:00:29.961425','2020-05-08 15:00:29.961444',1,NULL),(250,'https://github.com/Rayhane-mamah/Tacotron-2','','Rayhane-mamah / Tacotron-2：DeepMind的Tacotron-2 Tensorflow实现',NULL,'2020-05-08 15:00:29.962341','2020-05-08 15:00:29.962369','2020-05-08 15:00:29.962386',1,NULL),(251,'https://blog.csdn.net/android_ruben/article/details/78233445','','[NLP]如何打造一个Chatbot - Forgive Me - CSDN博客',NULL,'2020-05-08 15:00:29.963254','2020-05-08 15:00:29.963280','2020-05-08 15:00:29.963297',1,NULL),(252,'https://unisound.github.io/end-to-end_tts/#Tacotron_gl','','端到端语音合成及其优化实践(上)',NULL,'2020-05-08 15:00:29.965264','2020-05-08 15:00:29.965303','2020-05-08 15:00:29.965320',1,NULL),(253,'https://chatterbot.readthedocs.io/en/latest/examples.html','','示例 - ChatterBot 1.0.2文档',NULL,'2020-05-08 15:00:29.968336','2020-05-08 15:00:29.968385','2020-05-08 15:00:29.968402',1,NULL),(254,'https://zhuanlan.zhihu.com/p/37817418','','【第七期】AI Talk：端到端语音合成及其优化实践(上) - 知乎',NULL,'2020-05-08 15:00:29.970517','2020-05-08 15:00:29.970558','2020-05-08 15:00:29.970576',1,NULL),(255,'https://my.oschina.net/stephenyng','','师弟文 - OSCHINA',NULL,'2020-05-08 15:00:29.971533','2020-05-08 15:00:29.971559','2020-05-08 15:00:29.971576',1,NULL),(256,'https://blog.csdn.net/qq_28662689/article/details/90177757','','端到端语音合成的各github项目 - qq_28662689的博客 - CSDN博客',NULL,'2020-05-08 15:00:29.972493','2020-05-08 15:00:29.972531','2020-05-08 15:00:29.972548',1,NULL),(257,'https://unisound.github.io/end-to-end_tts/#TTS_or_Human','','端到端语音合成及其优化实践(上)',NULL,'2020-05-08 15:00:29.973765','2020-05-08 15:00:29.973801','2020-05-08 15:00:29.973818',1,NULL),(258,'https://www.cnblogs.com/hzl6255/p/8215551.html','','Jasper语音助理 - 北落不吉 - 博客园',NULL,'2020-05-08 15:00:29.974761','2020-05-08 15:00:29.974786','2020-05-08 15:00:29.974803',1,NULL),(259,'https://github.com/Uberi/speech_recognition','','GitHub - Uberi/speech_recognition: Speech recognition module for Python, supporting several engines and APIs, online and offline.',NULL,'2020-05-08 15:00:29.975644','2020-05-08 15:00:29.975669','2020-05-08 15:00:29.975686',1,NULL),(260,'https://blog.csdn.net/dss_dssssd/article/details/83540264','','speech_recognition实现录音ffmpeg实现音频文件转换，并用百度语音的sdk实现语音识别 - 墨流觞的博客 - CSDN博客',NULL,'2020-05-08 15:00:29.976515','2020-05-08 15:00:29.976540','2020-05-08 15:00:29.976556',1,NULL),(261,'http://mmlab.ie.cuhk.edu.hk/projects/CelebA.html','','Large-scale CelebFaces Attributes (CelebA) Dataset',NULL,'2020-05-08 15:00:29.977730','2020-05-08 15:00:29.977759','2020-05-08 15:00:29.977777',1,NULL),(262,'https://christophm.github.io/interpretable-ml-book/','','可解释的机器学习',NULL,'2020-05-08 15:00:29.978743','2020-05-08 15:00:29.978775','2020-05-08 15:00:29.978792',1,NULL),(263,'https://rare-technologies.com/word2vec-tutorial/','','Word2vec Tutorial | RARE Technologies',NULL,'2020-05-08 15:00:29.980018','2020-05-08 15:00:29.980061','2020-05-08 15:00:29.980080',1,NULL),(264,'http://docs.jinkan.org/docs/celery/','','Celery - 分布式任务队列 — Celery 3.1.7 文档',NULL,'2020-05-08 15:00:29.981823','2020-05-08 15:00:29.981865','2020-05-08 15:00:29.981884',1,NULL),(265,'https://blog.csdn.net/weixin_42137700/article/details/86317726','','语音唤醒技术的原理是什么？ - 喜欢打酱油的老鸟 - CSDN博客',NULL,'2020-05-08 15:00:29.983230','2020-05-08 15:00:29.983266','2020-05-08 15:00:29.983283',1,NULL),(266,'https://blog.csdn.net/qq_39516859/article/details/80333431','','Python音频处理包——Librosa的安装与使用 - 赵至柔的博客 - CSDN博客',NULL,'2020-05-08 15:00:29.984418','2020-05-08 15:00:29.984446','2020-05-08 15:00:29.984462',1,NULL),(267,'https://blog.csdn.net/qq_41185868/article/details/80500847','','pyaudio：基于pyaudio利用Python编程实现播放音频mp3、wav等格式文件 - 一个处女座的程序猿 - CSDN博客',NULL,'2020-05-08 15:00:29.986959','2020-05-08 15:00:29.986997','2020-05-08 15:00:29.987014',1,NULL),(268,'https://www.jiqizhixin.com/articles/2019-01-11-25','','Python处理音频信号实战 : 手把手教你实现音乐流派分类和特征提取 | 机器之心',NULL,'2020-05-08 15:00:29.988192','2020-05-08 15:00:29.988222','2020-05-08 15:00:29.988239',1,NULL),(269,'https://blog.csdn.net/c602273091/article/details/46502527#pyaudio','','Python之PyAudio使用 - I AM BACK - CSDN博客',NULL,'2020-05-08 15:00:29.989692','2020-05-08 15:00:29.989723','2020-05-08 15:00:29.989741',1,NULL),(270,'https://blog.csdn.net/qq_41185868/article/details/80478081#pyaudio%E5%AE%89%E8%A3%85','','Py之pyaudio：Python库之pyaudio简介、安装、使用方法之详细攻略 - 一个处女座的程序猿 - CSDN博客',NULL,'2020-05-08 15:00:29.990679','2020-05-08 15:00:29.990708','2020-05-08 15:00:29.990726',1,NULL),(271,'https://blog.csdn.net/feng1gb/article/details/84974165','','librosa入门学习 - feng1gb的博客 - CSDN博客',NULL,'2020-05-08 15:00:29.991595','2020-05-08 15:00:29.991621','2020-05-08 15:00:29.991638',1,NULL),(272,'https://librosa.github.io/librosa/tutorial.html','','教程 - librosa 0.7.0文档',NULL,'2020-05-08 15:00:29.992532','2020-05-08 15:00:29.992558','2020-05-08 15:00:29.992575',1,NULL),(273,'https://www.cnblogs.com/DragonFire/p/9212935.html','','Python人工智能之路 - 第三篇 : PyAudio 实现录音 自动化交互实现问答 - DragonFire - 博客园',NULL,'2020-05-08 15:00:29.993450','2020-05-08 15:00:29.993478','2020-05-08 15:00:29.993495',1,NULL),(274,'http://people.csail.mit.edu/hubert/pyaudio/','','PyAudio: PortAudio v19 Python Bindings',NULL,'2020-05-08 15:00:29.995723','2020-05-08 15:00:29.995757','2020-05-08 15:00:29.995776',1,NULL),(275,'https://blog.csdn.net/sinat_27938829/article/details/79189477','','网易云、酷狗、QQ音乐歌单接口API - Mrdong916 - CSDN博客',NULL,'2020-05-08 15:00:29.996804','2020-05-08 15:00:29.996834','2020-05-08 15:00:29.996851',1,NULL),(276,'https://messoer.github.io/mess-api-doc/#/music/tencent','','QQ 音乐 - MessAPI',NULL,'2020-05-08 15:00:29.998194','2020-05-08 15:00:29.998224','2020-05-08 15:00:29.998241',1,NULL),(277,'https://blog.csdn.net/hadoopdevelop/article/details/80355503','','一张图看懂自然语言处理技术框架 - 阿尔法胖哥 - CSDN博客',NULL,'2020-05-08 15:00:29.999343','2020-05-08 15:00:29.999373','2020-05-08 15:00:29.999390',1,NULL),(278,'https://blog.csdn.net/yaningli/article/details/80449335','','音频特征提取——pyAudioAnalysis工具包 - yaningli的博客 - CSDN博客',NULL,'2020-05-08 15:00:30.000320','2020-05-08 15:00:30.000351','2020-05-08 15:00:30.000368',1,NULL),(279,'https://blog.csdn.net/y734564892/article/details/77585435','','python pydub用法（1） - y734564892的博客 - CSDN博客',NULL,'2020-05-08 15:00:30.001953','2020-05-08 15:00:30.001986','2020-05-08 15:00:30.002004',1,NULL),(280,'http://gluon-nlp.mxnet.io/','','GluonNLP: NLP made easy — gluonnlp 0.7.1 documentation',NULL,'2020-05-08 15:00:30.003908','2020-05-08 15:00:30.003975','2020-05-08 15:00:30.003993',1,NULL),(281,'https://blog.csdn.net/zzc15806/article/details/79603994#%E4%BA%8C%E3%80%81librosa%E5%B8%B8%E7%94%A8%E5%8A%9F%E8%83%BD','','音频处理库—librosa的安装与使用 - z小白的博客 - CSDN博客',NULL,'2020-05-08 15:00:30.005640','2020-05-08 15:00:30.005692','2020-05-08 15:00:30.005711',1,NULL),(282,'https://blog.csdn.net/qq_19288615/article/details/51584590','','avconv使用 - qq_19288615的专栏 - CSDN博客',NULL,'2020-05-08 15:00:30.007311','2020-05-08 15:00:30.007341','2020-05-08 15:00:30.007358',1,NULL),(283,'https://blog.csdn.net/zjm750617105/article/details/80148473','','m4a 转 wav - zjm750617105的专栏 - CSDN博客',NULL,'2020-05-08 15:00:30.008230','2020-05-08 15:00:30.008255','2020-05-08 15:00:30.008271',1,NULL),(284,'https://blog.csdn.net/chenyefei/article/details/54143204','','ffmpeg / avconv是通用的视频/音频编解码命令行工具【转】 - shareinfo2018 - CSDN博客',NULL,'2020-05-08 15:00:30.009669','2020-05-08 15:00:30.009696','2020-05-08 15:00:30.009712',1,NULL),(285,'https://blog.csdn.net/weixin_34357267/article/details/86987741','','pydub libav和ffmpeg的安装 - weixin_34357267的博客 - CSDN博客',NULL,'2020-05-08 15:00:30.010609','2020-05-08 15:00:30.010633','2020-05-08 15:00:30.010650',1,NULL),(286,'https://blog.csdn.net/fallenink/article/details/8721887','','『FFMPEG』ffmpeg/avconv使用学习笔记『较详细』 - fallenink的专栏 - CSDN博客',NULL,'2020-05-08 15:00:30.011514','2020-05-08 15:00:30.011538','2020-05-08 15:00:30.011554',1,NULL),(287,'https://blog.csdn.net/Barry_J/article/details/79931506','','python音频处理用到的操作 - 一摩尔自由的博客 - CSDN博客',NULL,'2020-05-08 15:00:30.012446','2020-05-08 15:00:30.012471','2020-05-08 15:00:30.012487',1,NULL),(288,'https://blog.csdn.net/shiner3089/article/details/50389330','','Python声音处理入门 - Miss小王子的博客 - CSDN博客',NULL,'2020-05-08 15:00:30.013324','2020-05-08 15:00:30.013348','2020-05-08 15:00:30.013365',1,NULL),(289,'https://blog.csdn.net/benhuo931115/article/details/54342145','','python——判断一段音频是否有声音 - benhuo931115的博客 - CSDN博客',NULL,'2020-05-08 15:00:30.014205','2020-05-08 15:00:30.014229','2020-05-08 15:00:30.014245',1,NULL),(290,'https://blog.csdn.net/Pythoncxy/article/details/94005983','','Python音频操作工具PyAudio上手教程！ - Pythoncxy的博客 - CSDN博客',NULL,'2020-05-08 15:00:30.015103','2020-05-08 15:00:30.015128','2020-05-08 15:00:30.015144',1,NULL),(291,'https://blog.csdn.net/wh357589873/article/details/53154031?utm_source=blogxgwz1','','pyAudio介绍 - 王浩的专栏 - CSDN博客',NULL,'2020-05-08 15:00:30.015999','2020-05-08 15:00:30.016024','2020-05-08 15:00:30.016040',1,NULL),(292,'https://blog.csdn.net/qifengzou/article/details/77126933','','[聊天机器人]：开源ChatterBot工作原理 - 做事先做人！ - CSDN博客',NULL,'2020-05-08 15:00:30.017361','2020-05-08 15:00:30.017386','2020-05-08 15:00:30.017402',1,NULL),(293,'https://www.cnblogs.com/botoo/p/8622379.html','','python实战===教你用微信每天给女朋友说晚安 - botoo - 博客园',NULL,'2020-05-08 15:00:30.018280','2020-05-08 15:00:30.018304','2020-05-08 15:00:30.018321',1,NULL),(294,'https://blog.csdn.net/BADAO_LIUMANG_QIZHI/article/details/90322053','','Python中使用ncmbot玩转网易云音乐 - BADAO_LIUMANG_QIZHI的博客 - CSDN博客',NULL,'2020-05-08 15:00:30.019201','2020-05-08 15:00:30.019226','2020-05-08 15:00:30.019242',1,NULL),(295,'https://errbot.readthedocs.io/en/latest/index.html','','Errbot - Err 5.1.3文档',NULL,'2020-05-08 15:00:30.020260','2020-05-08 15:00:30.020305','2020-05-08 15:00:30.020334',1,NULL),(296,'https://www.luis.ai/home','','LUIS (Language Understanding) – Cognitive Services – Microsoft Azure',NULL,'2020-05-08 15:00:30.026561','2020-05-08 15:00:30.026629','2020-05-08 15:00:30.026665',1,NULL),(297,'https://blog.csdn.net/qq_17130945/article/details/80921424','','Chatops 现有可选的开源聊天机器人简介 - vincent的博客 - CSDN博客',NULL,'2020-05-08 15:00:30.029492','2020-05-08 15:00:30.029572','2020-05-08 15:00:30.029592',1,NULL),(298,'https://blog.csdn.net/xmsheji/article/details/53610656','','十个Chatbot框架介绍 - 自然语言处理及大数据 - CSDN博客',NULL,'2020-05-08 15:00:30.031335','2020-05-08 15:00:30.031372','2020-05-08 15:00:30.031390',1,NULL),(299,'https://github.com/youfou/wxpy','','youfou/wxpy: 微信机器人 / 可能是最优雅的微信个人号 API ✨✨',NULL,'2020-05-08 15:00:30.032740','2020-05-08 15:00:30.032800','2020-05-08 15:00:30.032818',1,NULL),(300,'https://syjarvis.zulipchat.com/#narrow/is/private','','Private messages - SYjarvis - Zulip',NULL,'2020-05-08 15:00:30.035184','2020-05-08 15:00:30.035237','2020-05-08 15:00:30.035256',1,NULL),(301,'https://www.ownthink.com/docs/bot/','','对话机器人 - 思知（OwnThink）',NULL,'2020-05-08 15:00:30.039537','2020-05-08 15:00:30.039580','2020-05-08 15:00:30.039598',1,NULL),(302,'https://www.ownthink.com/docs/','','思知 - 思知（OwnThink）',NULL,'2020-05-08 15:00:30.040707','2020-05-08 15:00:30.040756','2020-05-08 15:00:30.040778',1,NULL),(303,'https://www.cnblogs.com/whenyd/p/7721989.html','','Ubuntu下dlib库编译安装 - actonton - 博客园',NULL,'2020-05-08 15:00:30.041617','2020-05-08 15:00:30.041643','2020-05-08 15:00:30.041659',1,NULL),(304,'https://blog.csdn.net/qq_34337272/article/details/80430309','','Python使用OpenCV调用摄像头知识点汇总 - 不忘初心 - CSDN博客',NULL,'2020-05-08 15:00:30.042582','2020-05-08 15:00:30.042608','2020-05-08 15:00:30.042625',1,NULL),(305,'https://blog.csdn.net/qq_34146899/article/details/52454616','','python虚拟环境搭建，虚拟环境迁移，三方库安装 - 一介北漂 - CSDN博客',NULL,'2020-05-08 15:00:30.043479','2020-05-08 15:00:30.043505','2020-05-08 15:00:30.043521',1,NULL),(306,'https://docs.djangoproject.com/en/1.8/','','Django文档| Django文档| Django的',NULL,'2020-05-08 15:00:30.044476','2020-05-08 15:00:30.044512','2020-05-08 15:00:30.044529',1,NULL),(307,'https://blog.csdn.net/u014108439/article/details/80746632','','celery 定时任务不执行，原因令人震惊...（版本4.1.0） - Arckal的博客 - CSDN博客',NULL,'2020-05-08 15:00:30.045958','2020-05-08 15:00:30.045988','2020-05-08 15:00:30.046005',1,NULL),(308,'https://docs.djangoproject.com/en/1.8/ref/files/storage/','','文件存储API | Django文档| Django的',NULL,'2020-05-08 15:00:30.046876','2020-05-08 15:00:30.046904','2020-05-08 15:00:30.046921',1,NULL),(309,'https://xfx98.github.io/2019/10/27/pip-geng-xin-zhi-19.3.1-chu-xian-typeerror-module-object-is-not-callable/','','pip更新至19.3.1出现TypeError_ module object is not callable | xfx\'s blog',NULL,'2020-05-08 15:00:30.048079','2020-05-08 15:00:30.048117','2020-05-08 15:00:30.048134',1,NULL),(310,'http://chromedriver.storage.googleapis.com/index.html?path=79.0.3945.36/','','chromedriver.storage.googleapis.com/index.html?path=79.0.3945.36/',NULL,'2020-05-08 15:00:30.049631','2020-05-08 15:00:30.049662','2020-05-08 15:00:30.049680',1,NULL),(311,'https://github.com/peterhudec/awesome-python','','peterhudec / awesome-python：精选的Python框架，库和软件的精选清单。',NULL,'2020-05-08 15:00:30.050680','2020-05-08 15:00:30.050737','2020-05-08 15:00:30.050756',1,NULL),(312,'http://interpy.eastlakeside.com/','','Python进阶 | interpy-zh',NULL,'2020-05-08 15:00:30.051892','2020-05-08 15:00:30.051932','2020-05-08 15:00:30.051950',1,NULL),(313,'https://github.com/eastlakeside/interpy-zh/releases','','Releases · eastlakeside/interpy-zh · GitHub',NULL,'2020-05-08 15:00:30.053015','2020-05-08 15:00:30.053045','2020-05-08 15:00:30.053064',1,NULL),(314,'https://github.com/ageitgey/face_recognition','','GitHub - ageitgey/face_recognition: The world\'s simplest facial recognition api for Python and the command line',NULL,'2020-05-08 15:00:30.054031','2020-05-08 15:00:30.054063','2020-05-08 15:00:30.054080',1,NULL),(315,'https://github.com/TheAlgorithms/Python','','算法/ Python：用Python实现的所有算法',NULL,'2020-05-08 15:00:30.055067','2020-05-08 15:00:30.055094','2020-05-08 15:00:30.055112',1,NULL),(316,'https://github.com/trimstray/the-book-of-secret-knowledge','','GitHub - trimstray/the-book-of-secret-knowledge: A collection of inspiring lists, manuals, cheatsheets, blogs, hacks, one-liners, cli/web tools and more.',NULL,'2020-05-08 15:00:30.056085','2020-05-08 15:00:30.056111','2020-05-08 15:00:30.056127',1,NULL),(317,'https://github.com/clone95/Virgilio','','clone95 / Virgilio：您的新数据科学E-Learning导师。',NULL,'2020-05-08 15:00:30.060904','2020-05-08 15:00:30.060944','2020-05-08 15:00:30.060964',1,NULL),(318,'https://guides.github.com/features/mastering-markdown/','','Mastering Markdown · GitHub Guides',NULL,'2020-05-08 15:00:30.062573','2020-05-08 15:00:30.062613','2020-05-08 15:00:30.062632',1,NULL),(319,'https://github.com/scutan90/DeepLearning-500-questions','','GitHub - scutan90/DeepLearning-500-questions: 深度学习500问，以问答形式对常用的概率知识、线性代数、机器学习、深度学习、计算机视觉等热点问题进行阐述，以帮助自己及有需要的读者。 全书分为18个章节，50余万字。由于水平有限，书中不妥之处恳请广大读者批评指正。 未完待续............ 如有意合作，联系scutjy2015@163.com 版权所有，违权必究 Tan 2018.06',NULL,'2020-05-08 15:00:30.063869','2020-05-08 15:00:30.063900','2020-05-08 15:00:30.063917',1,NULL),(320,'https://github.com/mhammond/pywin32','','GitHub - mhammond / pywin32：Python for Windows（pywin32）扩展',NULL,'2020-05-08 15:00:30.064908','2020-05-08 15:00:30.064938','2020-05-08 15:00:30.064955',1,NULL),(321,'https://github.com/BoragoCode/AttentionBasedProsodyPrediction','','GitHub - BoragoCode / AttentionBasedProsody预测：编码器和解码器以及基于注意力的韵律预测',NULL,'2020-05-08 15:00:30.066327','2020-05-08 15:00:30.066361','2020-05-08 15:00:30.066378',1,NULL),(322,'https://github.com/deepfakes/faceswap/blob/master/INSTALL.md#hardware-requirements','','在master·deepfakes / faceswap中的faceswap / INSTALL.md',NULL,'2020-05-08 15:00:30.067501','2020-05-08 15:00:30.067536','2020-05-08 15:00:30.067553',1,NULL),(323,'https://github.com/machinelearningmindset/TensorFlow-Course#basic-machine-learning','','machinelearningmindset / TensorFlow-课程：TensorFlow的简单和随时可用的教程',NULL,'2020-05-08 15:00:30.068701','2020-05-08 15:00:30.068738','2020-05-08 15:00:30.068755',1,NULL),(324,'https://inst.eecs.berkeley.edu/~cs188/fa18/index.html','','CS 188: Introduction to Artificial Intelligence, Fall 2018',NULL,'2020-05-08 15:00:30.070129','2020-05-08 15:00:30.070171','2020-05-08 15:00:30.070188',1,NULL),(325,'https://www.datacamp.com/community/tutorials/geospatial-data-python?utm_source=mybridge&utm_medium=blog&utm_campaign=read_more','','Introduction to Geospatial Data in Python (article) - DataCamp',NULL,'2020-05-08 15:00:30.072044','2020-05-08 15:00:30.072121','2020-05-08 15:00:30.072140',1,NULL),(326,'https://github.com/fxsjy/jieba','','fxsjy/jieba: 结巴中文分词',NULL,'2020-05-08 15:00:30.076257','2020-05-08 15:00:30.076337','2020-05-08 15:00:30.076380',1,NULL),(327,'https://github.com/getgridea/gridea','','GitHub - getgridea / gridea：✍️一个静态博客写作客户端（静态博客写作客户端）',NULL,'2020-05-08 15:00:30.078531','2020-05-08 15:00:30.078568','2020-05-08 15:00:30.078586',1,NULL),(328,'https://github.com/jefflombard/ui-libraries','','GitHub - jefflombard/ui-libraries: A collection of UI Frameworks and their platform implementations.',NULL,'2020-05-08 15:00:30.096924','2020-05-08 15:00:30.096970','2020-05-08 15:00:30.096988',1,NULL),(329,'https://github.com/algorithm-visualizer/algorithm-visualizer','','GitHub - algorithm-visualizer / algorithm-visualizer：可视化代码算法的交互式在线平台',NULL,'2020-05-08 15:00:30.100374','2020-05-08 15:00:30.100399','2020-05-08 15:00:30.100416',1,NULL),(330,'https://habr.com/en/post/439768/','','条形码如何工作？ /哈布尔',NULL,'2020-05-08 15:00:30.101412','2020-05-08 15:00:30.101436','2020-05-08 15:00:30.101452',1,NULL),(331,'https://github.com/ttpianobirds/RenZhengfei','','GitHub - ttpianobirds/RenZhengfei: 任正非思想',NULL,'2020-05-08 15:00:30.102272','2020-05-08 15:00:30.102296','2020-05-08 15:00:30.102312',1,NULL),(332,'https://github.com/PaddlePaddle/paddle-mobile','','GitHub - PaddlePaddle/paddle-mobile: Multi-platform embedded deep learning framework (『飞桨』多平台高性能嵌入式深度学习框架）',NULL,'2020-05-08 15:00:30.103168','2020-05-08 15:00:30.103201','2020-05-08 15:00:30.103218',1,NULL),(333,'https://github.com/PaddlePaddle/Paddle','','GitHub - PaddlePaddle / Paddle：PArallel Distributed Deep LEarning（「飞桨」核心框架，高性能单机，分布式训练和跨平台部署）',NULL,'2020-05-08 15:00:30.104157','2020-05-08 15:00:30.104187','2020-05-08 15:00:30.104203',1,NULL),(334,'https://chatterbot.readthedocs.io/en/stable/quickstart.html','','Quick Start Guide — ChatterBot 1.0.2 documentation',NULL,'2020-05-08 15:00:30.105625','2020-05-08 15:00:30.105653','2020-05-08 15:00:30.105670',1,NULL),(335,'https://github.com/zhpmatrix/nlp-competitions-list-review','','GitHub - zhpmatrix/nlp-competitions-list-review: 复盘所有NLP比赛的TOP方案，只关注NLP比赛，持续更新中！',NULL,'2020-05-08 15:00:30.106495','2020-05-08 15:00:30.106519','2020-05-08 15:00:30.106535',1,NULL),(336,'https://github.com/halleytl/pyvad','','halleytl / pyvad：VAD（语音活动检测器）python实现对时时读入的流式数据进行端点检测',NULL,'2020-05-08 15:00:30.107388','2020-05-08 15:00:30.107412','2020-05-08 15:00:30.107428',1,NULL),(337,'https://github.com/jtoy/awesome-tensorflow','','jtoy/awesome-tensorflow: TensorFlow - A curated list of dedicated resources http://tensorflow.org',NULL,'2020-05-08 15:00:30.108223','2020-05-08 15:00:30.108247','2020-05-08 15:00:30.108263',1,NULL),(338,'https://github.com/brightmart/nlp_chinese_corpus','','brightmart/nlp_chinese_corpus: 大规模中文自然语言处理语料 Large Scale Chinese Corpus for NLP',NULL,'2020-05-08 15:00:30.109681','2020-05-08 15:00:30.109707','2020-05-08 15:00:30.109724',1,NULL),(339,'https://github.com/liuyubobobo/Play-with-Machine-Learning-Algorithms','','liuyubobobo/Play-with-Machine-Learning-Algorithms: Code of my MOOC Course <Play with Machine Learning Algorithms>. Updated contents and practices are also included. 我在慕课网上的课程《Python3 入门机器学习》示例代码。课程的更多更新内容及辅助练习也将逐步添加进这个代码仓。',NULL,'2020-05-08 15:00:30.110623','2020-05-08 15:00:30.110648','2020-05-08 15:00:30.110664',1,NULL),(340,'https://github.com/facebookresearch/fastText','','facebookresearch / fastText：用于快速文本表示和分类的库。',NULL,'2020-05-08 15:00:30.111565','2020-05-08 15:00:30.111600','2020-05-08 15:00:30.111616',1,NULL),(341,'https://github.com/jlevy/the-art-of-command-line','','jlevy/the-art-of-command-line: Master the command line, in one page',NULL,'2020-05-08 15:00:30.112509','2020-05-08 15:00:30.112555','2020-05-08 15:00:30.112574',1,NULL),(342,'https://github.com/lllyasviel/style2paints','','lllyasviel / style2paints：sketch + style = paints',NULL,'2020-05-08 15:00:30.113412','2020-05-08 15:00:30.113436','2020-05-08 15:00:30.113452',1,NULL),(343,'https://github.com/hgneng/ekho','','hgneng/ekho: Chinese text-to-speech engine',NULL,'2020-05-08 15:00:30.114324','2020-05-08 15:00:30.114348','2020-05-08 15:00:30.114365',1,NULL),(344,'https://github.com/facebookresearch/Detectron?utm_source=mybridge&utm_medium=blog&utm_campaign=read_more','','facebookresearch / Detectron：FAIR的物体检测研究平台，实现Mask R-CNN和RetinaNet等流行算法。',NULL,'2020-05-08 15:00:30.115201','2020-05-08 15:00:30.115225','2020-05-08 15:00:30.115242',1,NULL),(345,'https://github.com/tyiannak/pyAudioAnalysis/','','tyiannak/pyAudioAnalysis: Python Audio Analysis Library: Feature Extraction, Classification, Segmentation and Applications',NULL,'2020-05-08 15:00:30.116129','2020-05-08 15:00:30.116153','2020-05-08 15:00:30.116169',1,NULL),(346,'https://github.com/candlewill/Dialog_Corpus','','candlewill/Dialog_Corpus: 用于训练中英文对话系统的语料库 Datasets for Training Chatbot System',NULL,'2020-05-08 15:00:30.117439','2020-05-08 15:00:30.117464','2020-05-08 15:00:30.117480',1,NULL),(347,'https://github.com/fendouai/Awesome-Chatbot','','fendouai / Awesome-Chatbot：很棒的Chatbot项目，语料库，论文，教程.Chinese Chatbot =>：',NULL,'2020-05-08 15:00:30.119781','2020-05-08 15:00:30.119812','2020-05-08 15:00:30.119831',1,NULL),(348,'https://github.com/nlpinaction/dataset_labeling','','nlpinaction/dataset_labeling: 图片简易标注工具，标注类似ICDAR数据集，支持多边形标注，文本标注，方便OCR数据集标注。',NULL,'2020-05-08 15:00:30.120900','2020-05-08 15:00:30.120928','2020-05-08 15:00:30.120945',1,NULL),(349,'https://github.com/nlpinaction/learning-nlp','','nlpinaction/learning-nlp: nlp in action',NULL,'2020-05-08 15:00:30.122246','2020-05-08 15:00:30.122272','2020-05-08 15:00:30.122288',1,NULL),(350,'https://github.com/nicolas-ivanov/tf_seq2seq_chatbot','','nicolas-ivanov/tf_seq2seq_chatbot: [unmaintained]',NULL,'2020-05-08 15:00:30.123150','2020-05-08 15:00:30.123175','2020-05-08 15:00:30.123191',1,NULL),(351,'https://github.com/warmheartli','','warmheartli (李闯)',NULL,'2020-05-08 15:00:30.124860','2020-05-08 15:00:30.124885','2020-05-08 15:00:30.124901',1,NULL),(352,'https://github.com/dennybritz/chatbot-retrieval/','','dennybritz / chatbot-retrieval：用于对话响应生成的双LSTM编码器',NULL,'2020-05-08 15:00:30.126268','2020-05-08 15:00:30.126295','2020-05-08 15:00:30.126312',1,NULL),(353,'https://github.com/warmheartli/page-classify','','warmheartli/page-classify: 机器学习文本分类器',NULL,'2020-05-08 15:00:30.127206','2020-05-08 15:00:30.127232','2020-05-08 15:00:30.127248',1,NULL),(354,'https://github.com/tensorflow/models/tree/master/','','tensorflow / models：使用TensorFlow构建的模型和示例',NULL,'2020-05-08 15:00:30.140555','2020-05-08 15:00:30.140613','2020-05-08 15:00:30.140632',1,NULL),(355,'https://github.com/zulip/zulip','','zulip / zulip：Zulip服务器 - 强大的开源团队聊天',NULL,'2020-05-08 15:00:30.145312','2020-05-08 15:00:30.145352','2020-05-08 15:00:30.145370',1,NULL),(356,'https://syjarvis.zulipchat.com/api/get-messages','','Zulip',NULL,'2020-05-08 15:00:30.147074','2020-05-08 15:00:30.147107','2020-05-08 15:00:30.147126',1,NULL),(357,'https://github.com/blixt/js-hash','','blixt / js-hash：一个JavaScript库，用于跟踪地址栏中哈希部分的更改历史记录。',NULL,'2020-05-08 15:00:30.148165','2020-05-08 15:00:30.148194','2020-05-08 15:00:30.148211',1,NULL),(358,'https://github.com/yongzhuo/nlp_xiaojiang','','yongzhuo/nlp_xiaojiang: XLNET句向量-相似度（text xlnet embedding），自然语言处理（nlp），闲聊机器人（检索式chatbot），BERT句向量-相似度（Sentence Similarity），文本分类（Text classification）， 实体提取（ner，bert+bilstm+crf），数据增强（text augment enhance），同义句同义词生成，句子主干提取（mainpart），中文汉语短文本相似度，文本特征工程，keras-http-service调用',NULL,'2020-05-08 15:00:30.149628','2020-05-08 15:00:30.149661','2020-05-08 15:00:30.149681',1,NULL),(359,'https://github.com/codemayq/chinese_chatbot_corpus','','codemayq/chinese_chatbot_corpus: 中文公开聊天语料库',NULL,'2020-05-08 15:00:30.151327','2020-05-08 15:00:30.151366','2020-05-08 15:00:30.151385',1,NULL),(360,'https://github.com/qhduan/just_another_seq2seq','','qhduan / just_another_seq2seq：只是另一个seq2seq回购',NULL,'2020-05-08 15:00:30.152487','2020-05-08 15:00:30.152520','2020-05-08 15:00:30.152538',1,NULL),(361,'https://github.com/xingag/spider_python','','xingag/spider_python: python爬虫',NULL,'2020-05-08 15:00:30.153708','2020-05-08 15:00:30.153753','2020-05-08 15:00:30.153771',1,NULL),(362,'https://github.com/littlecodersh/itchat','','littlecodersh/ItChat: A complete and graceful API for Wechat. 微信个人号接口、微信机器人及命令行微信，三十行即可自定义个人号机器人。',NULL,'2020-05-08 15:00:30.155393','2020-05-08 15:00:30.155469','2020-05-08 15:00:30.155488',1,NULL),(363,'https://github.com/Binaryify/NeteaseCloudMusicApi','','Binaryify/NeteaseCloudMusicApi: 网易云音乐 Node.js API service',NULL,'2020-05-08 15:00:30.156797','2020-05-08 15:00:30.156829','2020-05-08 15:00:30.156847',1,NULL),(364,'https://github.com/OlafenwaMoses/ImageAI','','OlafenwaMoses/ImageAI: A python library built to empower developers to build applications and systems with self-contained Computer Vision capabilities',NULL,'2020-05-08 15:00:30.160620','2020-05-08 15:00:30.160691','2020-05-08 15:00:30.160710',1,NULL),(365,'https://github.com/kitt-ai/snowboy','','Kitt-AI / snowboy：基于DNN的热词和唤醒词检测工具包',NULL,'2020-05-08 15:00:30.162456','2020-05-08 15:00:30.162487','2020-05-08 15:00:30.162505',1,NULL),(366,'https://github.com/ixNeo/ChatRobot','','ixNeo / ChatRobot：使用python3实现的多功能机器人，可以实现中英互译，电影推荐，个性化机器人陪聊，音乐播放，头像展示等功能',NULL,'2020-05-08 15:00:30.163535','2020-05-08 15:00:30.163567','2020-05-08 15:00:30.163587',1,NULL),(367,'https://github.com/googlehosts/hosts','','googlehosts / hosts：整合：https：//coding.net/u/scaffrey/p/hosts/git',NULL,'2020-05-08 15:00:30.164720','2020-05-08 15:00:30.164749','2020-05-08 15:00:30.164768',1,NULL),(368,'https://github.com/Long-live-shadowsocks/ShadowVPN/releases','','Releases · Long-live-shadowsocks/ShadowVPN',NULL,'2020-05-08 15:00:30.165801','2020-05-08 15:00:30.165827','2020-05-08 15:00:30.165844',1,NULL),(369,'https://github.com/clowwindy?tab=repositories','','clowwindy (clowwindy) / Repositories',NULL,'2020-05-08 15:00:30.166887','2020-05-08 15:00:30.166913','2020-05-08 15:00:30.166930',1,NULL),(370,'https://github.com/bannedbook/fanqiang/wiki','','Home · bannedbook/fanqiang Wiki · GitHub',NULL,'2020-05-08 15:00:30.167929','2020-05-08 15:00:30.167954','2020-05-08 15:00:30.167971',1,NULL),(371,'https://github.com/chenxingxing6/clover','','GitHub - chenxingxing6/clover: 分享整理一些黑苹果Clover驱动配置文件',NULL,'2020-05-08 15:00:30.177631','2020-05-08 15:00:30.177674','2020-05-08 15:00:30.177693',1,NULL),(372,'https://github.com/husthuke/awesome-knowledge-graph','','GitHub - husthuke/awesome-knowledge-graph: 整理知识图谱相关学习资料',NULL,'2020-05-08 15:00:30.179176','2020-05-08 15:00:30.179204','2020-05-08 15:00:30.179221',1,NULL),(373,'https://github.com/jobbole/awesome-ios-cn#getting-started','','jobbole/awesome-ios-cn: iOS 资源大全中文版，内容包括：框架、组件、测试、Apple Store、SDK、XCode、网站、书籍等',NULL,'2020-05-08 15:00:30.180050','2020-05-08 15:00:30.180075','2020-05-08 15:00:30.180092',1,NULL),(374,'https://github.com/T-head-Semi/wujian100_open','','T-head-Semi/wujian100_open: IC design and development should be faster，simpler and more reliable',NULL,'2020-05-08 15:00:30.186409','2020-05-08 15:00:30.186453','2020-05-08 15:00:30.186472',1,NULL),(375,'https://github.com/kmario23/deep-learning-drizzle','','kmario23/deep-learning-drizzle: Drench yourself in Deep Learning, Reinforcement Learning, Machine Learning, Computer Vision, and NLP by learning from these exciting lectures!!',NULL,'2020-05-08 15:00:30.192064','2020-05-08 15:00:30.192128','2020-05-08 15:00:30.192149',1,NULL),(376,'https://github.com/getlantern/lantern','','getlantern/lantern: 蓝灯Windows下载 https://raw.githubusercontent.com/getlantern/lantern-binaries/master/lantern-installer.exe 蓝灯安卓下载 https://raw.githubusercontent.com/getlantern/lantern-binaries/master/lantern-installer.apk',NULL,'2020-05-08 15:00:30.194244','2020-05-08 15:00:30.194280','2020-05-08 15:00:30.194322',1,NULL),(377,'https://github.com/feichtenhofer/twostreamfusion','','feichtenhofer/twostreamfusion: Code release for \"Convolutional Two-Stream Network Fusion for Video Action Recognition\", CVPR 2016.',NULL,'2020-05-08 15:00:30.195249','2020-05-08 15:00:30.195278','2020-05-08 15:00:30.195319',1,NULL),(378,'https://github.com/HHTseng/video-classification','','HHTseng/video-classification: Tutorial for video classification/ action recognition using 3D CNN/ CNN+RNN on UCF101',NULL,'2020-05-08 15:00:30.200037','2020-05-08 15:00:30.200084','2020-05-08 15:00:30.200103',1,NULL),(379,'https://github.com/pytorch/vision','','pytorch / vision：计算机视觉特有的数据集，转换和模型',NULL,'2020-05-08 15:00:30.201970','2020-05-08 15:00:30.202006','2020-05-08 15:00:30.202024',1,NULL),(380,'https://github.com/deepmind/dm_control?utm_source=mybridge&utm_medium=blog&utm_campaign=read_more','','deepmind/dm_control: The DM Control Suite and Package is a tool for developing and testing reinforcement learning agents for the MuJoCo physics engine.',NULL,'2020-05-08 15:00:30.208146','2020-05-08 15:00:30.208190','2020-05-08 15:00:30.208209',1,NULL),(381,'https://github.com/NervanaSystems/nlp-architect?utm_source=mybridge&utm_medium=blog&utm_campaign=read_more','','NervanaSystems/nlp-architect: A model library for exploring state-of-the-art deep learning topologies and techniques for optimizing Natural Language Processing neural networks',NULL,'2020-05-08 15:00:30.209941','2020-05-08 15:00:30.209976','2020-05-08 15:00:30.209995',1,NULL),(382,'https://github.com/deepmind/trfl?utm_source=mybridge&utm_medium=blog&utm_campaign=read_more','','deepmind/trfl: TensorFlow Reinforcement Learning',NULL,'2020-05-08 15:00:30.210900','2020-05-08 15:00:30.210929','2020-05-08 15:00:30.210947',1,NULL),(383,'https://github.com/DroidAITech/ROS-Academy-for-Beginners','','DroidAITech/ROS-Academy-for-Beginners: 中国大学MOOC《机器人操作系统入门》课程代码示例',NULL,'2020-05-08 15:00:30.212637','2020-05-08 15:00:30.212663','2020-05-08 15:00:30.212680',1,NULL),(384,'https://github.com/kaldi-asr/kaldi','','GitHub - kaldi-asr/kaldi: This is the official location of the Kaldi project.',NULL,'2020-05-08 15:00:30.213916','2020-05-08 15:00:30.213943','2020-05-08 15:00:30.213960',1,NULL),(385,'https://github.com/nickgillian/grt','','GitHub - nickgillian/grt: gesture recognition toolkit',NULL,'2020-05-08 15:00:30.214880','2020-05-08 15:00:30.214907','2020-05-08 15:00:30.214924',1,NULL),(386,'https://github.com/scikit-image/scikit-image','','GitHub - scikit-image/scikit-image: Image processing in Python',NULL,'2020-05-08 15:00:30.215798','2020-05-08 15:00:30.215827','2020-05-08 15:00:30.215843',1,NULL),(387,'http://simplecv.org/','','simplecv.org',NULL,'2020-05-08 15:00:30.216824','2020-05-08 15:00:30.216863','2020-05-08 15:00:30.216879',1,NULL),(388,'https://cmusatyalab.github.io/openface/','','OpenFace',NULL,'2020-05-08 15:00:30.218805','2020-05-08 15:00:30.218847','2020-05-08 15:00:30.218866',1,NULL),(389,'https://github.com/lancopku/pkuseg-python','','GitHub - lancopku/pkuseg-python: pkuseg多领域中文分词工具; The pkuseg toolkit for multi-domain Chinese word segmentation',NULL,'2020-05-08 15:00:30.220077','2020-05-08 15:00:30.220111','2020-05-08 15:00:30.220129',1,NULL),(390,'https://github.com/aymericdamien/TensorFlow-Examples','','tensorflow-examples：TensorFlow入门教程和示例（支持TF v1和v2）',NULL,'2020-05-08 15:00:30.224962','2020-05-08 15:00:30.224996','2020-05-08 15:00:30.225015',1,NULL),(391,'https://github.com/jikexueyuanwiki/tensorflow-zh','','GitHub - jikexueyuanwiki/tensorflow-zh: 谷歌全新开源人工智能系统TensorFlow官方文档中文版',NULL,'2020-05-08 15:00:30.226439','2020-05-08 15:00:30.226470','2020-05-08 15:00:30.226488',1,NULL),(392,'https://github.com/chiphuyen/stanford-tensorflow-tutorials','','stanford-tensorflow-tutorials：该存储库包含斯坦福大学课程的TensorFlow用于深度学习研究的代码示例。',NULL,'2020-05-08 15:00:30.227431','2020-05-08 15:00:30.227458','2020-05-08 15:00:30.227475',1,NULL),(393,'https://github.com/vinta/awesome-python#files','','GitHub-shanghai / awesome-python：精选的Python框架，库，软件和资源清单',NULL,'2020-05-08 15:00:30.228459','2020-05-08 15:00:30.228487','2020-05-08 15:00:30.228504',1,NULL),(394,'https://github.com/Zulko/moviepy','','github-Zulko / moviepy：使用Python进行视频编辑',NULL,'2020-05-08 15:00:30.230066','2020-05-08 15:00:30.230092','2020-05-08 15:00:30.230109',1,NULL),(395,'https://github.com/yandexdataschool/nlp_course','','github-yandexdataschool / nlp_course：自然语言处理的YSDA课程',NULL,'2020-05-08 15:00:30.231270','2020-05-08 15:00:30.231296','2020-05-08 15:00:30.231313',1,NULL),(396,'https://github.com/snipsco/snips-nlu','','GitHub - snipsco/snips-nlu: Snips Python library to extract meaning from text',NULL,'2020-05-08 15:00:30.232343','2020-05-08 15:00:30.232368','2020-05-08 15:00:30.232385',1,NULL),(397,'https://github.com/Linzaer/Ultra-Light-Fast-Generic-Face-Detector-1MB/blob/master/README_CN.md','','Ultra-Light-Fast-Generic-Face-Detector-1MB/README_CN.md at master · Linzaer/Ultra-Light-Fast-Generic-Face-Detector-1MB · GitHub',NULL,'2020-05-08 15:00:30.233688','2020-05-08 15:00:30.233722','2020-05-08 15:00:30.233739',1,NULL),(398,'https://github.com/NVlabs/few-shot-vid2vid#example-results','','GitHub - NVlabs/few-shot-vid2vid',NULL,'2020-05-08 15:00:30.235301','2020-05-08 15:00:30.235335','2020-05-08 15:00:30.235352',1,NULL),(399,'https://github.com/jwchoi384/Gaussian_YOLOv3','','Gaussian_YOLOv3：Gaussian YOLOv3：使用本地化不确定性进行自动驾驶的高精度快速对象检测器（ICCV，2019），GitHub',NULL,'2020-05-08 15:00:30.236427','2020-05-08 15:00:30.236457','2020-05-08 15:00:30.236474',1,NULL),(400,'https://github.com/google-research/text-to-text-transfer-transformer','','GitHub - google-research/text-to-text-transfer-transformer: Code for the paper \"Exploring the Limits of Transfer Learning with a Unified Text-to-Text Transformer\"',NULL,'2020-05-08 15:00:30.238426','2020-05-08 15:00:30.238475','2020-05-08 15:00:30.238495',1,NULL),(401,'https://github.com/zake7749/Chatbot','','zake7749/Chatbot: 基於向量匹配的情境式聊天機器人',NULL,'2020-05-08 15:00:30.241529','2020-05-08 15:00:30.241591','2020-05-08 15:00:30.241609',1,NULL),(402,'https://github.com/warmheartli/ChatBotCourse','','warmheartli/ChatBotCourse: 自己动手做聊天机器人教程',NULL,'2020-05-08 15:00:30.245734','2020-05-08 15:00:30.245780','2020-05-08 15:00:30.245799',1,NULL),(403,'https://www.ibm.com/developerworks/cn/cognitive/library/cc-cognitive-chatbot-guide/index.html','','聊天机器人开发指南',NULL,'2020-05-08 15:00:30.247557','2020-05-08 15:00:30.247591','2020-05-08 15:00:30.247609',1,NULL),(404,'https://github.com/alfredfrancis/ai-chatbot-framework','','alfredfrancis/ai-chatbot-framework: A python chatbot framework with Natural Language Understanding and Artificial Intelligence.',NULL,'2020-05-08 15:00:30.248794','2020-05-08 15:00:30.248829','2020-05-08 15:00:30.248847',1,NULL),(405,'https://github.com/inikdom/neural-chatbot','','inikdom / neural-chatbot：一个基于seq2seq架构的chatbot，用tensorflow完成。',NULL,'2020-05-08 15:00:30.250460','2020-05-08 15:00:30.250491','2020-05-08 15:00:30.250508',1,NULL),(406,'https://github.com/hexueyuan/chatbot','','hexueyuan/chatbot: 基于itchat开发的关键词触发式微信机器人框架',NULL,'2020-05-08 15:00:30.251973','2020-05-08 15:00:30.252035','2020-05-08 15:00:30.252054',1,NULL),(407,'https://github.com/SmartPorridge/Wechat_QQ_wordcloud','','GitHub - SmartPorridge/Wechat_QQ_wordcloud: 导出微信或者QQ聊天记录生成词云',NULL,'2020-05-08 15:00:30.254049','2020-05-08 15:00:30.254088','2020-05-08 15:00:30.254106',1,NULL),(408,'https://github.com/SeuTao/RSNA2019_1st_place_solution','','GitHub - SeuTao/RSNA2019_1st_place_solution: RSNA2019 Intracranial Hemorrhage Detection',NULL,'2020-05-08 15:00:30.256524','2020-05-08 15:00:30.256577','2020-05-08 15:00:30.256595',1,NULL),(409,'https://github.com/521xueweihan/HelloGitHub','','GitHub - 521xueweihan/HelloGitHub: Find pearls on open-source seashore 分享 GitHub 上有趣、入门级的开源项目',NULL,'2020-05-08 15:00:30.259492','2020-05-08 15:00:30.259533','2020-05-08 15:00:30.259551',1,NULL),(410,'https://github.com/521xueweihan/HelloGitHub/blob/master/content/19/HelloGitHub19.md#Python-%E9%A1%B9%E7%9B%AE','','HelloGitHub/HelloGitHub19.md at master · 521xueweihan/HelloGitHub · GitHub',NULL,'2020-05-08 15:00:30.261689','2020-05-08 15:00:30.261732','2020-05-08 15:00:30.261749',1,NULL),(411,'https://github.com/leandromoreira/ffmpeg-libav-tutorial','','GitHub - leandromoreira/ffmpeg-libav-tutorial: FFmpeg libav tutorial - learn how media works from basic to transmuxing, transcoding and more',NULL,'2020-05-08 15:00:30.263313','2020-05-08 15:00:30.263345','2020-05-08 15:00:30.263363',1,NULL),(412,'https://github.com/jobbole/awesome-c-cn','','GitHub - jobbole/awesome-c-cn: C 资源大全中文版，包括了：构建系统、编译器、数据库、加密、初中高的教程/指南、书籍、库等。',NULL,'2020-05-08 15:00:30.265586','2020-05-08 15:00:30.265623','2020-05-08 15:00:30.265640',1,NULL),(413,'https://github.com/Baidu-AIP/speech-demo','','GitHub - Baidu-AIP/speech-demo: 语音api示例',NULL,'2020-05-08 15:00:30.268256','2020-05-08 15:00:30.268296','2020-05-08 15:00:30.268313',1,NULL),(414,'https://github.com/tensorflow/magenta','','tensorflow / magenta：品红色：具有机器智能的音乐和艺术生成',NULL,'2020-05-08 15:00:30.270817','2020-05-08 15:00:30.270883','2020-05-08 15:00:30.270903',1,NULL),(415,'https://github.com/dragen1860/Deep-Learning-with-TensorFlow-book','','dragen1860/Deep-Learning-with-TensorFlow-book: 深度学习入门开源书，基于TensorFlow 2.0案例实战。Open source Deep Learning book, based on TensorFlow 2.0 framework.',NULL,'2020-05-08 15:00:30.278347','2020-05-08 15:00:30.278392','2020-05-08 15:00:30.278411',1,NULL),(416,'https://github.com/nndl/nndl.github.io','','nndl/nndl.github.io: 《神经网络与深度学习》 邱锡鹏著 Neural Network and Deep Learning',NULL,'2020-05-08 15:00:30.279652','2020-05-08 15:00:30.279682','2020-05-08 15:00:30.279699',1,NULL),(417,'https://github.com/Tencent/wwsearch','','Tencent/wwsearch: A full-text search engine supporting massive users, real-time updating, fast fuzzy matching and flexible table splitting.',NULL,'2020-05-08 15:00:30.280666','2020-05-08 15:00:30.280692','2020-05-08 15:00:30.280709',1,NULL),(418,'https://github.com/ZQPei/deep_sort_pytorch','','ZQPei/deep_sort_pytorch: MOT tracking using deepsort and yolov3 with pytorch',NULL,'2020-05-08 15:00:30.282138','2020-05-08 15:00:30.282167','2020-05-08 15:00:30.282184',1,NULL),(419,'https://github.com/search?l=Python&q=Medical+Engineering&type=Repositories','','Search · Medical Engineering',NULL,'2020-05-08 15:00:30.283872','2020-05-08 15:00:30.283919','2020-05-08 15:00:30.283936',1,NULL),(420,'https://github.com/search?l=Python&p=1&q=Webcam&type=Repositories','','Search · Webcam',NULL,'2020-05-08 15:00:30.286713','2020-05-08 15:00:30.286756','2020-05-08 15:00:30.286775',1,NULL),(421,'https://github.com/search?l=Python&q=Task+Manager&type=Repositories','','Search · Task Manager',NULL,'2020-05-08 15:00:30.288210','2020-05-08 15:00:30.288252','2020-05-08 15:00:30.288270',1,NULL),(422,'https://github.com/APACHE-THE-THIRD/snomed_mapper','','APACHE-THE-THIRD/snomed_mapper: Maps documents content inserted into MongoDB to SNOMED CT medical ontology terms. Allows to generate flat data set for analytical engines from MongoDB content (mapped documents).',NULL,'2020-05-08 15:00:30.289842','2020-05-08 15:00:30.289874','2020-05-08 15:00:30.289892',1,NULL),(423,'https://github.com/rfunix?tab=repositories','','rfunix（Rafael Francischini）/存储库',NULL,'2020-05-08 15:00:30.293399','2020-05-08 15:00:30.293425','2020-05-08 15:00:30.293441',1,NULL),(424,'https://github.com/Rereflyer?tab=repositories','','Rereflyer (周叶飞@智能硬件) / Repositories',NULL,'2020-05-08 15:00:30.295688','2020-05-08 15:00:30.295715','2020-05-08 15:00:30.295732',1,NULL),(425,'http://pytorch123.com/','','PyTorch官方教程中文版 - PyTorch官方教程中文版',NULL,'2020-05-08 15:00:30.297280','2020-05-08 15:00:30.297316','2020-05-08 15:00:30.297334',1,NULL),(426,'https://github.com/deep-learning-with-pytorch/dlwpt-code','','deep-learning-with-pytorch/dlwpt-code: Code for the book Deep Learning with PyTorch by Eli Stevens and Luca Antiga.',NULL,'2020-05-08 15:00:30.300871','2020-05-08 15:00:30.300951','2020-05-08 15:00:30.300970',1,NULL),(427,'https://www.manning.com/books/deep-learning-with-pytorch#toc','','Manning | Deep Learning with PyTorch',NULL,'2020-05-08 15:00:30.305032','2020-05-08 15:00:30.305412','2020-05-08 15:00:30.305435',1,NULL),(428,'https://github.com/kornia/kornia','','kornia/kornia: Open Source Differentiable Computer Vision Library for PyTorch',NULL,'2020-05-08 15:00:30.307041','2020-05-08 15:00:30.307077','2020-05-08 15:00:30.307095',1,NULL),(429,'https://github.com/bharathgs/Awesome-pytorch-list','','bharathgs/Awesome-pytorch-list: A comprehensive list of pytorch related content on github,such as different models,implementations,helper libraries,tutorials etc.',NULL,'2020-05-08 15:00:30.308302','2020-05-08 15:00:30.308337','2020-05-08 15:00:30.308353',1,NULL),(430,'https://docs.bokeh.org/en/latest/','','<no title> — Bokeh 1.4.0 documentation',NULL,'2020-05-08 15:00:30.309759','2020-05-08 15:00:30.309788','2020-05-08 15:00:30.309805',1,NULL),(431,'https://mp.weixin.qq.com/s/ot9vxUMbnWAJtWu1nVwDNQ','','https://mp.weixin.qq.com/s/ot9vxUMbnWAJtWu1nVwDNQ',NULL,'2020-05-08 15:00:30.312646','2020-05-08 15:00:30.312711','2020-05-08 15:00:30.312731',1,NULL),(432,'http://doc.redisfans.com/index.html','','Redis 命令参考 — Redis 命令参考',NULL,'2020-05-08 15:00:30.314513','2020-05-08 15:00:30.314552','2020-05-08 15:00:30.314570',1,NULL),(433,'https://django-redis-chs.readthedocs.io/zh_CN/latest/','','django-redis 中文文档 — Django-Redis 4.7.0 文档',NULL,'2020-05-08 15:00:30.315767','2020-05-08 15:00:30.315794','2020-05-08 15:00:30.315811',1,NULL),(434,'http://www.ruanyifeng.com/blog/2018/02/docker-tutorial.html','','Docker 入门教程 - 阮一峰的网络日志',NULL,'2020-05-08 15:00:30.317569','2020-05-08 15:00:30.317601','2020-05-08 15:00:30.317619',1,NULL),(435,'https://github.com/django-haystack/django-haystack','','GitHub - django-haystack/django-haystack: Modular search for Django',NULL,'2020-05-08 15:00:30.319308','2020-05-08 15:00:30.319349','2020-05-08 15:00:30.319367',1,NULL),(436,'https://www.cnblogs.com/gcgc/p/10762416.html','','Django：haystack全文检索详细教程 - 秋寻草 - 博客园',NULL,'2020-05-08 15:00:30.321168','2020-05-08 15:00:30.321217','2020-05-08 15:00:30.321234',1,NULL),(437,'https://www.cnblogs.com/seablog/p/7173107.html','','python魔法方法详解 - sea101 - 博客园',NULL,'2020-05-08 15:00:30.323886','2020-05-08 15:00:30.324047','2020-05-08 15:00:30.324071',1,NULL),(438,'https://redis-py.readthedocs.io/en/latest/#indices-and-tables','','欢迎使用redis-py的文档！ — redis-py 2.10.5文档',NULL,'2020-05-08 15:00:30.327198','2020-05-08 15:00:30.327242','2020-05-08 15:00:30.327260',1,NULL),(439,'https://www.jianshu.com/p/3cf7669dbac5','','Django-全文检索工具haystack-whoosh-jieba - 简书',NULL,'2020-05-08 15:00:30.332229','2020-05-08 15:00:30.332273','2020-05-08 15:00:30.332293',1,NULL),(440,'https://docs.open.alipay.com/270/105899/','','开放平台文档中心',NULL,'2020-05-08 15:00:30.334110','2020-05-08 15:00:30.334144','2020-05-08 15:00:30.334162',1,NULL),(441,'https://docs.open.alipay.com/200/105311/','','开放平台文档中心',NULL,'2020-05-08 15:00:30.335974','2020-05-08 15:00:30.336009','2020-05-08 15:00:30.336027',1,NULL),(442,'https://github.com/fzlee/alipay/blob/master/README.md','','alipay/README.md at master · fzlee/alipay · GitHub',NULL,'2020-05-08 15:00:30.338285','2020-05-08 15:00:30.338329','2020-05-08 15:00:30.338346',1,NULL),(443,'https://docs.open.alipay.com/api_1/alipay.trade.query','','开放平台文档中心',NULL,'2020-05-08 15:00:30.340392','2020-05-08 15:00:30.340433','2020-05-08 15:00:30.340451',1,NULL),(444,'https://blog.csdn.net/weixin_44567104/article/details/97370102','','腾讯云无法发送邮件的问题 - Yafully',NULL,'2020-05-08 15:00:30.342403','2020-05-08 15:00:30.342438','2020-05-08 15:00:30.342455',1,NULL),(445,'https://github.com/wsf31325909/DjangoUeditor','','wsf31325909/DjangoUeditor: Python的一些笔记',NULL,'2020-05-08 15:00:30.343458','2020-05-08 15:00:30.343493','2020-05-08 15:00:30.343510',1,NULL),(446,'https://blog.csdn.net/weixin_33127753/article/details/89100552','','django2.2/mysql ImproperlyConfigured: mysqlclient 1.3.13 or newer is required; you have 0.9.3_Hayley-L-CSDN博客',NULL,'2020-05-08 15:00:30.345138','2020-05-08 15:00:30.345181','2020-05-08 15:00:30.345198',1,NULL),(447,'https://github.com/tumobi/nideshop','','github-tumobi / nideshop：NideShop开源微信小程序商城服务端API（Node.js + ThinkJS）',NULL,'2020-05-08 15:00:30.348622','2020-05-08 15:00:30.348666','2020-05-08 15:00:30.348684',1,NULL),(448,'https://developers.weixin.qq.com/miniprogram/dev/api/network/request/wx.request.html','','RequestTask | 微信开放文档',NULL,'2020-05-08 15:00:30.351002','2020-05-08 15:00:30.351047','2020-05-08 15:00:30.351064',1,NULL),(449,'https://developers.weixin.qq.com/doc/','','微信官方文档 | 微信开放文档',NULL,'2020-05-08 15:00:30.352409','2020-05-08 15:00:30.352439','2020-05-08 15:00:30.352455',1,NULL),(450,'https://www.w3school.com.cn/css/css_positioning_floating.asp','','CSS 浮动',NULL,'2020-05-08 15:00:30.357754','2020-05-08 15:00:30.357802','2020-05-08 15:00:30.357823',1,NULL),(451,'https://www.w3school.com.cn/js/index.asp','','JavaScript 教程',NULL,'2020-05-08 15:00:30.360232','2020-05-08 15:00:30.360291','2020-05-08 15:00:30.360310',1,NULL),(452,'https://github.com/Tencent/weui-wxss','','Tencent/weui-wxss: A UI library by WeChat official design team, includes the most useful widgets/modules.',NULL,'2020-05-08 15:00:30.362146','2020-05-08 15:00:30.362181','2020-05-08 15:00:30.362198',1,NULL),(453,'https://github.com/icindy/wxParse','','icindy/wxParse: wxParse-微信小程序富文本解析自定义组件，支持HTML及markdown解析',NULL,'2020-05-08 15:00:30.363519','2020-05-08 15:00:30.363565','2020-05-08 15:00:30.363586',1,NULL),(454,'https://github.com/liujians/Wa-UI','','liujians/Wa-UI: 针对微信小程序整合的一套UI库',NULL,'2020-05-08 15:00:30.369222','2020-05-08 15:00:30.369266','2020-05-08 15:00:30.369286',1,NULL),(455,'https://github.com/gooking/apifm-wxapi/blob/master/instructions.md','','apifm-wxapi/instructions.md at master · gooking/apifm-wxapi',NULL,'2020-05-08 15:00:30.372543','2020-05-08 15:00:30.372590','2020-05-08 15:00:30.372608',1,NULL),(456,'https://github.com/gooking/apifm-wxapi','','gooking/apifm-wxapi: 微信小程序云开发工具包，借此工具包，你将无需投入服务器、无需接口编程、无需开发后台，将传统开发小程序效率提升百倍',NULL,'2020-05-08 15:00:30.374368','2020-05-08 15:00:30.374400','2020-05-08 15:00:30.374417',1,NULL),(457,'https://github.com/gooking/apifm-wxapi/blob/master/README.md','','apifm-wxapi/README.md at master · gooking/apifm-wxapi',NULL,'2020-05-08 15:00:30.376711','2020-05-08 15:00:30.376758','2020-05-08 15:00:30.376800',1,NULL),(458,'https://blog.csdn.net/weixin_42473850/article/details/80935215','','WXML 微信小程序的框架设计的标签语言_weixin_42473850的博客-CSDN博客',NULL,'2020-05-08 15:00:30.381756','2020-05-08 15:00:30.381825','2020-05-08 15:00:30.381844',1,NULL),(459,'https://www.jianshu.com/p/4d0d4183217b','','转载-微信小程序-WXML - 简书',NULL,'2020-05-08 15:00:30.383948','2020-05-08 15:00:30.383985','2020-05-08 15:00:30.384003',1,NULL),(460,'https://blog.csdn.net/lendq/article/details/79474448','','微信小程序开发(七) - WXML组件(标签) - wxml 文件_lendq的Blog-CSDN博客',NULL,'2020-05-08 15:00:30.386465','2020-05-08 15:00:30.386504','2020-05-08 15:00:30.386522',1,NULL),(461,'http://yun.itheima.com/course/283.html','','Ajax从入门到精通|黑马程序员',NULL,'2020-05-08 15:00:30.395064','2020-05-08 15:00:30.395109','2020-05-08 15:00:30.395127',1,NULL),(462,'https://pythonhosted.org/Flask-Session/','','Flask-Session — Flask-Session 0.3.0 documentation',NULL,'2020-05-08 15:00:30.397830','2020-05-08 15:00:30.397873','2020-05-08 15:00:30.397891',1,NULL),(463,'https://flask.palletsprojects.com/en/1.1.x/','','Welcome to Flask — Flask Documentation (1.1.x)',NULL,'2020-05-08 15:00:30.399854','2020-05-08 15:00:30.399900','2020-05-08 15:00:30.399919',1,NULL),(464,'https://github.com/huamuxiong/python/tree/master/allFlaskProjects','','python/allFlaskProjects at master · huamuxiong/python',NULL,'2020-05-08 15:00:30.401913','2020-05-08 15:00:30.401991','2020-05-08 15:00:30.402012',1,NULL),(465,'https://github.com/huamuxiong/python/blob/master/allFlaskProjects/yuntongxun/%E6%8E%A5%E5%8F%A3%E8%AF%B4%E6%98%8E.txt','','python/接口说明.txt at master · huamuxiong/python',NULL,'2020-05-08 15:00:30.406479','2020-05-08 15:00:30.406524','2020-05-08 15:00:30.406543',1,NULL),(466,'http://www.pythondoc.com/flask-sqlalchemy/quickstart.html','','快速入门 — Flask-SQLAlchemy 2.0 documentation',NULL,'2020-05-08 15:00:30.408375','2020-05-08 15:00:30.408415','2020-05-08 15:00:30.408433',1,NULL),(467,'https://www.sqlalchemy.org/','','SQLAlchemy - The Database Toolkit for Python',NULL,'2020-05-08 15:00:30.412613','2020-05-08 15:00:30.412665','2020-05-08 15:00:30.412728',1,NULL),(468,'https://forum.mianbaoban.cn/topic/75561_1_1.html','','【资料汇总】最全实用电路合计，新的一年从学习开始！_电子技术基础-面包板社区',NULL,'2020-05-08 15:00:30.414186','2020-05-08 15:00:30.414223','2020-05-08 15:00:30.414241',1,NULL),(469,'https://forum.mianbaoban.cn/topic/63801_1_1.html','','电子技术经典资料汇总：基础入门篇_电子技术基础-面包板社区',NULL,'2020-05-08 15:00:30.415546','2020-05-08 15:00:30.415593','2020-05-08 15:00:30.415611',1,NULL),(470,'https://forum.mianbaoban.cn/cat/17_1.html','','电子技术基础_电子电路设计入门-面包板社区',NULL,'2020-05-08 15:00:30.425292','2020-05-08 15:00:30.425363','2020-05-08 15:00:30.425383',1,NULL),(471,'https://www.mianbaoban.cn/evaluating/board','','开发板免费试用_面包板网上评测中心-电子工程师专业测评平台',NULL,'2020-05-08 15:00:30.432126','2020-05-08 15:00:30.432167','2020-05-08 15:00:30.432185',1,NULL),(472,'https://docs.unity3d.com/Manual/','','Unity-手册：Unity用户手册（2019.2）',NULL,'2020-05-08 15:00:30.433695','2020-05-08 15:00:30.433726','2020-05-08 15:00:30.433743',1,NULL),(473,'https://www.jianshu.com/p/e41e116837b5','','iOS开发学习路线 - 简书',NULL,'2020-05-08 15:00:30.436191','2020-05-08 15:00:30.436232','2020-05-08 15:00:30.436250',1,NULL),(474,'http://www.ruanyifeng.com/blog/2013/02/booting.html','','计算机是如何启动的？ - 阮一峰的网络日志',NULL,'2020-05-08 15:00:30.439161','2020-05-08 15:00:30.439210','2020-05-08 15:00:30.439228',1,NULL),(475,'https://www.jianshu.com/p/043468f26d84','','使用win32com操作Excel - 简书',NULL,'2020-05-08 15:00:30.442576','2020-05-08 15:00:30.442652','2020-05-08 15:00:30.442670',1,NULL),(476,'http://www.51hei.com/mcuteach/252.html','','51单片机教程(从原理开始基于汇编)',NULL,'2020-05-08 15:00:30.445110','2020-05-08 15:00:30.445153','2020-05-08 15:00:30.445170',1,NULL),(477,'https://blog.csdn.net/Fighting_Boom/article/details/81268074','','Python3中tkinter模块使用方法详解 - Fighting_Boom的博客 - CSDN博客',NULL,'2020-05-08 15:00:30.450753','2020-05-08 15:00:30.450797','2020-05-08 15:00:30.450817',1,NULL),(478,'https://blog.csdn.net/weixin_34368949/article/details/88482109','','用 Python 实现自己的智能语音助理（百度语音 + 图灵机器人） - weixin_34368949的博客 - CSDN博客',NULL,'2020-05-08 15:00:30.452545','2020-05-08 15:00:30.452605','2020-05-08 15:00:30.452625',1,NULL),(479,'https://blog.csdn.net/mouseleoz/article/details/80203539','','CVE-2018-9995--攻击网络硬盘录像机（DVR） - mouseleoz的博客 - CSDN博客',NULL,'2020-05-08 15:00:30.453615','2020-05-08 15:00:30.453646','2020-05-08 15:00:30.453664',1,NULL),(480,'http://www.51hei.com/bbs/dpj-110563-1.html','','Arduino UNO R3最全详解资料 - Arduino 单片机论坛',NULL,'2020-05-08 15:00:30.460551','2020-05-08 15:00:30.460610','2020-05-08 15:00:30.460630',1,NULL),(481,'https://community.openbiox.org/','','openbiox社区',NULL,'2020-05-08 15:00:30.462608','2020-05-08 15:00:30.462646','2020-05-08 15:00:30.462663',1,NULL),(482,'https://www.yuque.com/ruanyf/weekly/free-photos','','免费图库 · 语雀',NULL,'2020-05-08 15:00:30.463599','2020-05-08 15:00:30.463627','2020-05-08 15:00:30.463644',1,NULL),(483,'https://www.crypto101.io/','','加密101',NULL,'2020-05-08 15:00:30.466627','2020-05-08 15:00:30.466667','2020-05-08 15:00:30.466684',1,NULL),(484,'https://www.lawfareblog.com/risk-analysis-huawei-5g','','华为5G规则的风险分析',NULL,'2020-05-08 15:00:30.468716','2020-05-08 15:00:30.468749','2020-05-08 15:00:30.468767',1,NULL),(485,'https://parametric.press/issue-01/unraveling-the-jpeg/','','Unraveling The JPEG',NULL,'2020-05-08 15:00:30.470103','2020-05-08 15:00:30.470136','2020-05-08 15:00:30.470153',1,NULL),(486,'https://seeing-theory.brown.edu/#firstPage','','Seeing Theory',NULL,'2020-05-08 15:00:30.473270','2020-05-08 15:00:30.473315','2020-05-08 15:00:30.473333',1,NULL),(487,'https://getpolarized.io/download.html?utm_source=getpolarized.io&utm_content=home-download-cta&utm_medium=site#','','Download POLAR to manage your documents including PDF, web content, and notes.',NULL,'2020-05-08 15:00:30.475234','2020-05-08 15:00:30.475283','2020-05-08 15:00:30.475301',1,NULL),(488,'https://www.purpleair.com/map#1/25/-30','','Map - PurpleAir',NULL,'2020-05-08 15:00:30.482075','2020-05-08 15:00:30.482119','2020-05-08 15:00:30.482139',1,NULL),(489,'https://hacker-tools.github.io/lectures/','','讲座·黑客工具',NULL,'2020-05-08 15:00:30.483855','2020-05-08 15:00:30.483885','2020-05-08 15:00:30.483903',1,NULL),(490,'https://www.cs.usfca.edu/~galles/visualization/Algorithms.html','','数据结构可视化',NULL,'2020-05-08 15:00:30.485553','2020-05-08 15:00:30.485582','2020-05-08 15:00:30.485599',1,NULL),(491,'https://www.fastcompression.com/blog/jpeg-j2k-png-review.htm','','JPEG2000 vs JPEG与PNG：有什么区别 - fastcompression.com',NULL,'2020-05-08 15:00:30.493062','2020-05-08 15:00:30.493106','2020-05-08 15:00:30.493125',1,NULL),(492,'http://acoustics.safeproject.net/07:00','','SAFE Acoustics - Rainforest Audio',NULL,'2020-05-08 15:00:30.495353','2020-05-08 15:00:30.495395','2020-05-08 15:00:30.495413',1,NULL),(493,'https://eng.uber.com/deckgl-v5/','','Growing the Data Visualization Community with deck.gl v5 | Uber Engineering Blog',NULL,'2020-05-08 15:00:30.496650','2020-05-08 15:00:30.496678','2020-05-08 15:00:30.496695',1,NULL),(494,'https://opensource.com/article/19/1/flightgear','','Take to the virtual skies with FlightGear | Opensource.com',NULL,'2020-05-08 15:00:30.498098','2020-05-08 15:00:30.498129','2020-05-08 15:00:30.498145',1,NULL),(495,'https://www.icourse163.org/','','中国大学MOOC(慕课)_国家精品课程在线学习平台',NULL,'2020-05-08 15:00:30.499893','2020-05-08 15:00:30.499937','2020-05-08 15:00:30.499954',1,NULL),(496,'https://www.gogoup.com/','','站酷高高手 - 艺术设计在线教育平台 - 站酷旗下品牌',NULL,'2020-05-08 15:00:30.502339','2020-05-08 15:00:30.502384','2020-05-08 15:00:30.502403',1,NULL),(497,'https://www.smashingmagazine.com/','','Smashing Magazine — For Web Designers And Developers — Smashing Magazine',NULL,'2020-05-08 15:00:30.504022','2020-05-08 15:00:30.504068','2020-05-08 15:00:30.504086',1,NULL),(498,'https://www.office.com/?auth=2','','Microsoft Office 主页',NULL,'2020-05-08 15:00:30.506201','2020-05-08 15:00:30.506239','2020-05-08 15:00:30.506256',1,NULL),(499,'http://xix.men:3000/','','Forsaken Mail',NULL,'2020-05-08 15:00:30.507335','2020-05-08 15:00:30.507362','2020-05-08 15:00:30.507379',1,NULL),(500,'https://www.zhihu.com/question/24548348/answer/358774739','','为什么从中国飞往美国的很多航班，不是直接横穿太平洋，而是先向北飞，从白令海峡路过？ - 知乎',NULL,'2020-05-08 15:00:30.508539','2020-05-08 15:00:30.508567','2020-05-08 15:00:30.508583',1,NULL),(501,'https://github.com/firmai/industry-machine-learning','','firmai/industry-machine-learning: A curated list of applied machine learning and data science notebooks and libraries across different industries.',NULL,'2020-05-08 15:00:30.510104','2020-05-08 15:00:30.510133','2020-05-08 15:00:30.510150',1,NULL),(502,'https://github.com/CamDavidsonPilon/Probabilistic-Programming-and-Bayesian-Methods-for-Hackers','','CamDavidsonPilon /针对黑客的概率编程和贝叶斯方法：又名“针对黑客的贝叶斯方法”：贝叶斯方法+概率编程的介绍，具有计算/理解第一，数学第二的观点。 全部使用纯Python;）',NULL,'2020-05-08 15:00:30.512363','2020-05-08 15:00:30.518883','2020-05-08 15:00:30.518919',1,NULL),(503,'https://mp.weixin.qq.com/s/E2-sHwe1mYZFTVUVYoSHqQ','','2019年度机器学习49个顶级工程汇总',NULL,'2020-05-08 15:00:30.520835','2020-05-08 15:00:30.520875','2020-05-08 15:00:30.520894',1,NULL),(504,'https://github.com/google/dopamine?utm_source=mybridge&utm_medium=blog&utm_campaign=read_more','','google/dopamine: Dopamine is a research framework for fast prototyping of reinforcement learning algorithms.',NULL,'2020-05-08 15:00:30.522596','2020-05-08 15:00:30.522627','2020-05-08 15:00:30.522644',1,NULL),(505,'https://blog.bbskali.cn/index.php/archives/524/','','kali下androidshell那些事 - kali\'s blog',NULL,'2020-05-08 15:00:30.523564','2020-05-08 15:00:30.523590','2020-05-08 15:00:30.523606',1,NULL),(506,'https://bbskali.cn/portal.php?mod=view&aid=91','','kali 笔记Kali 笔记{subject} - 致力于网络安全',NULL,'2020-05-08 15:00:30.524605','2020-05-08 15:00:30.524632','2020-05-08 15:00:30.524649',1,NULL),(507,'https://bbskali.cn/forum.php?mod=viewthread&tid=1894','','kali 笔记 记录Linux运维及安全小心得 - 致力于网络安全',NULL,'2020-05-08 15:00:30.525937','2020-05-08 15:00:30.525965','2020-05-08 15:00:30.525981',1,NULL),(508,'https://bbskali.cn/#','','kali 笔记 记录Linux运维及安全小心得 - 致力于网络安全',NULL,'2020-05-08 15:00:30.526892','2020-05-08 15:00:30.526921','2020-05-08 15:00:30.526938',1,NULL),(509,'https://www.swiftguide.cn/','','Swift 学习指引',NULL,'2020-05-08 15:00:30.528116','2020-05-08 15:00:30.528156','2020-05-08 15:00:30.528173',1,NULL),(510,'http://www.code4app.com/article/cocoapods-install-usage','','CocoaPods安装和使用教程',NULL,'2020-05-08 15:00:30.529918','2020-05-08 15:00:30.529960','2020-05-08 15:00:30.529977',1,NULL),(511,'https://mbb.eet-china.com/forum/topic/63801_1_1.html','','电子技术经典资料汇总：基础入门篇_电子技术基础-面包板社区',NULL,'2020-05-08 15:00:30.531286','2020-05-08 15:00:30.531318','2020-05-08 15:00:30.531354',1,NULL),(512,'https://pay.weixin.qq.com/index.php/core/home/login?return_url=%2F','','微信支付 - 中国领先的第三方支付平台 ｜ 微信支付提供安全快捷的支付方式',NULL,'2020-05-08 15:00:30.532508','2020-05-08 15:00:30.532536','2020-05-08 15:00:30.532553',1,NULL),(513,'https://pay.weixin.qq.com/static/applyment_guide/applyment_index.shtml','','微信支付接入指引 - 微信支付商户平台',NULL,'2020-05-08 15:00:30.533864','2020-05-08 15:00:30.533892','2020-05-08 15:00:30.533909',1,NULL),(514,'https://kf.qq.com/faq/180824JvUZ3i180824YvMNJj.html','','微信支付API证书升级指引（技术人员）',NULL,'2020-05-08 15:00:30.534777','2020-05-08 15:00:30.534803','2020-05-08 15:00:30.534820',1,NULL),(515,'https://developers.weixin.qq.com/community/develop/doc/0004e4c4f58f20cd92b90e1235b000','','微信支付是否有测试环境？ | 微信开放社区',NULL,'2020-05-08 15:00:30.536445','2020-05-08 15:00:30.536476','2020-05-08 15:00:30.536493',1,NULL),(516,'https://pay.weixin.qq.com/wiki/doc/api/micropay.php?chapter=23_1&index=1','','【微信支付】付款码支付开发者文档',NULL,'2020-05-08 15:00:30.537837','2020-05-08 15:00:30.537870','2020-05-08 15:00:30.537888',1,NULL),(517,'http://www.tianfucup.com/#pwn','','TFC 2018 国际网络安全大赛',NULL,'2020-05-08 15:00:30.538866','2020-05-08 15:00:30.538894','2020-05-08 15:00:30.538911',1,NULL),(518,'https://gmis.jiqizhixin.com/','','市北·GMIS 2019全球数据智能峰会',NULL,'2020-05-08 15:00:30.543241','2020-05-08 15:00:30.543287','2020-05-08 15:00:30.543330',1,NULL),(519,'https://www.gmis.org/default.aspx#','','GMIS国际',NULL,'2020-05-08 15:00:30.544843','2020-05-08 15:00:30.544888','2020-05-08 15:00:30.544906',1,NULL),(520,'http://gp-huawei.geekpwn.org/zh/index.html','','极棒·华为智能设备安全挑战专场赛',NULL,'2020-05-08 15:00:30.546935','2020-05-08 15:00:30.546975','2020-05-08 15:00:30.546992',1,NULL),(521,'https://www.kesci.com/home/competition/5d90401cd8fc4f002da8e7be/content/4','','首届“全国人工智能大赛”（行人重识别 Person ReID 赛项） - Kesci.com',NULL,'2020-05-08 15:00:30.548244','2020-05-08 15:00:30.548277','2020-05-08 15:00:30.548365',1,NULL),(522,'https://www.kesci.com/home/competition/5d90401cd8fc4f002da8e7be','','首届“全国人工智能大赛”（行人重识别 Person ReID 赛项） - Kesci.com',NULL,'2020-05-08 15:00:30.550436','2020-05-08 15:00:30.550490','2020-05-08 15:00:30.550508',1,NULL),(523,'http://startups.xfyun.cn/support/excellent','','讯飞生态平台 - 创新生态 加速未来',NULL,'2020-05-08 15:00:30.551627','2020-05-08 15:00:30.551655','2020-05-08 15:00:30.551672',1,NULL),(524,'https://zb.oschina.net/','','开源众包-百万开发者,为您提供专业的软件开发服务',NULL,'2020-05-08 15:00:30.552612','2020-05-08 15:00:30.552640','2020-05-08 15:00:30.552656',1,NULL),(525,'https://coding.net/','','CODING - 一站式软件研发管理平台',NULL,'2020-05-08 15:00:30.554102','2020-05-08 15:00:30.554145','2020-05-08 15:00:30.554163',1,NULL),(526,'http://www.52solution.com/kb/19043','','Linux开发工业控制系统 - 项目外包,上快包_一站式众包平台服务',NULL,'2020-05-08 15:00:30.555830','2020-05-08 15:00:30.555869','2020-05-08 15:00:30.555886',1,NULL),(527,'http://www.52solution.com/kb','','快包任务大厅—找威客网站就上快包众包平台',NULL,'2020-05-08 15:00:30.556848','2020-05-08 15:00:30.556877','2020-05-08 15:00:30.556895',1,NULL),(528,'https://www.pkbigdata.com/common/cmptIndex.html','','DC竞赛-大数据竞赛平台',NULL,'2020-05-08 15:00:30.558328','2020-05-08 15:00:30.558360','2020-05-08 15:00:30.558378',1,NULL),(529,'https://www.kaggle.com/','','Kaggle: Your Home for Data Science',NULL,'2020-05-08 15:00:30.559592','2020-05-08 15:00:30.559631','2020-05-08 15:00:30.559648',1,NULL),(530,'https://www.datafountain.cn/','','CCF指定专业大数据及人工智能竞赛平台-DataFountain',NULL,'2020-05-08 15:00:30.561003','2020-05-08 15:00:30.561036','2020-05-08 15:00:30.561053',1,NULL),(531,'https://www.kesci.com/home/competition','','比赛 - Kesci.com',NULL,'2020-05-08 15:00:30.563034','2020-05-08 15:00:30.563074','2020-05-08 15:00:30.563092',1,NULL),(532,'https://github.com/AIChallenger/AI_Challenger_2018','','AIChallenger/AI_Challenger_2018: AI Challenger, a platform for open datasets and programming competitions to artificial intelligence (AI) talents around the world. https://challenger.ai/',NULL,'2020-05-08 15:00:30.564098','2020-05-08 15:00:30.564127','2020-05-08 15:00:30.564143',1,NULL),(533,'https://tianchi.aliyun.com/competition/gameList/activeList','','天池大数据竞赛-天池大赛-阿里云天池',NULL,'2020-05-08 15:00:30.565456','2020-05-08 15:00:30.565484','2020-05-08 15:00:30.565501',1,NULL),(534,'https://www.tinymind.cn/','','首页 - TinyMind -专注人工智能的技术社区',NULL,'2020-05-08 15:00:30.566348','2020-05-08 15:00:30.566374','2020-05-08 15:00:30.566391',1,NULL),(535,'https://www.flyai.com/','','FlyAI-AI竞赛服务平台',NULL,'2020-05-08 15:00:30.567218','2020-05-08 15:00:30.567267','2020-05-08 15:00:30.567286',1,NULL),(536,'http://shanghai.sodachallenges.com/','','SODA上海开放数据创新应用大赛',NULL,'2020-05-08 15:00:30.568121','2020-05-08 15:00:30.568149','2020-05-08 15:00:30.568165',1,NULL),(537,'https://cn.bing.com/?FORM=BEHPTB','','微软 Bing 搜索 - 国内版',NULL,'2020-05-08 15:00:30.569423','2020-05-08 15:00:30.569450','2020-05-08 15:00:30.569467',1,NULL),(538,'https://www.huaweicloud.com/?utm_medium=menu&utm_source=corp_huawei&utm_campaign=allwayson','','华为云-提供云计算服务 +智能，见未来',NULL,'2020-05-08 15:00:30.570394','2020-05-08 15:00:30.570421','2020-05-08 15:00:30.570438',1,NULL),(539,'https://ai.baidu.com/support/news?action=detail&id=1479&hmsr=aibanner&hmpl=pandian','','加码18项技术服务，加速AI部署与应用',NULL,'2020-05-08 15:00:30.571312','2020-05-08 15:00:30.571338','2020-05-08 15:00:30.571354',1,NULL),(540,'https://www.cnblogs.com/MC-Curry/p/8401584.html','','python+opencv读取视频，调用摄像头 - MARK+ - 博客园',NULL,'2020-05-08 15:00:30.572215','2020-05-08 15:00:30.572287','2020-05-08 15:00:30.572304',1,NULL),(541,'https://blog.csdn.net/qq_37175369/article/details/81476473','','Deep Voice 3 中文翻译 - qq_37175369的博客 - CSDN博客',NULL,'2020-05-08 15:00:30.573502','2020-05-08 15:00:30.573527','2020-05-08 15:00:30.573544',1,NULL),(542,'https://blog.csdn.net/asdaosidasu/article/details/81842938','','ROS学习历程（一）———— ros安装 - asdaosidasu的博客 - CSDN博客',NULL,'2020-05-08 15:00:30.574413','2020-05-08 15:00:30.574439','2020-05-08 15:00:30.574455',1,NULL),(543,'https://github.com/liuhuanyong/QASystemOnMedicalKG','','liuhuanyong/QASystemOnMedicalKG: A tutorial and implement of disease centered Medical knowledge graph and qa system based on it。知识图谱构建，自动问答，基于kg的自动问答。以疾病为中心的一定规模医药领域知识图谱，并以该知识图谱完成自动问答与分析服务。',NULL,'2020-05-08 15:00:30.575385','2020-05-08 15:00:30.575411','2020-05-08 15:00:30.575428',1,NULL),(544,'https://liuhuanyong.github.io/','','Title',NULL,'2020-05-08 15:00:30.576244','2020-05-08 15:00:30.576889','2020-05-08 15:00:30.576910',1,NULL),(545,'http://openkg.cn/home','','OpenKG.CN – 开放的中文知识图谱',NULL,'2020-05-08 15:00:30.578279','2020-05-08 15:00:30.578310','2020-05-08 15:00:30.578327',1,NULL),(546,'https://github.com/liuhuanyong/ComplexEventExtraction','','liuhuanyong/ComplexEventExtraction: A concept and obvious expression pattern collection of Chinese compound event extraction which then be evolved into ComplexEventGraph，本项目提出了中文复合事件的概念与显式模式，包括条件事件、因果事件、顺承事件、反转事件等事件抽取，并形成事理图谱。',NULL,'2020-05-08 15:00:30.580124','2020-05-08 15:00:30.580160','2020-05-08 15:00:30.580177',1,NULL),(547,'http://www.emotibot.com/#/solution-edu','','竹间智能|我们使人工智能更懂情感，更懂人- Emotibot',NULL,'2020-05-08 15:00:30.582731','2020-05-08 15:00:30.582771','2020-05-08 15:00:30.582788',1,NULL),(548,'http://docs.kitt.ai/snowboy/#downloads','','Snowboy，可自定义的关键词检测引擎— Snowboy 1.0.0文档',NULL,'2020-05-08 15:00:30.584351','2020-05-08 15:00:30.584392','2020-05-08 15:00:30.584410',1,NULL),(549,'https://snowboy.kitt.ai/','','Snowboy Hotword Detection',NULL,'2020-05-08 15:00:30.586451','2020-05-08 15:00:30.586513','2020-05-08 15:00:30.586531',1,NULL),(550,'https://www.cnblogs.com/nyist-xsk/p/7929859.html','','Ubuntu解压缩zip,tar,tar.gz,tar.bz2 - xushukui - 博客园',NULL,'2020-05-08 15:00:30.587887','2020-05-08 15:00:30.587920','2020-05-08 15:00:30.587938',1,NULL),(551,'https://coding.net/u/scaffrey/p/hosts/git/find/master','','master - 查找文件 - hosts - scaffrey',NULL,'2020-05-08 15:00:30.589425','2020-05-08 15:00:30.589453','2020-05-08 15:00:30.589471',1,NULL),(552,'https://github.com/cuber/ngx_http_google_filter_module','','cuber/ngx_http_google_filter_module: Nginx Module for Google Mirror',NULL,'2020-05-08 15:00:30.590414','2020-05-08 15:00:30.590441','2020-05-08 15:00:30.590458',1,NULL),(553,'https://my.oschina.net/u/3914635/blog/3017917','','Youtube无法使用？如何在国内正常访问Youtube，2019最新方法 - RandyMarsh的个人空间 - OSCHINA',NULL,'2020-05-08 15:00:30.591547','2020-05-08 15:00:30.591574','2020-05-08 15:00:30.591590',1,NULL),(554,'https://jingyan.baidu.com/article/066074d60597e4c3c31cb04c.html','','国内IP怎样访问谷歌-百度经验',NULL,'2020-05-08 15:00:30.592698','2020-05-08 15:00:30.592726','2020-05-08 15:00:30.592743',1,NULL),(555,'https://www.youtube.com/channel/UCo74kadSYIwS1BuzBL5jf_g','','바라던 바다 BADACHANNEL - YouTube',NULL,'2020-05-08 15:00:30.594837','2020-05-08 15:00:30.594863','2020-05-08 15:00:30.594880',1,NULL),(556,'https://www.google.com/?hl=zh_CN','','Google',NULL,'2020-05-08 15:00:30.595790','2020-05-08 15:00:30.595815','2020-05-08 15:00:30.595832',1,NULL),(557,'https://www.telerik.com/fiddler','','Fiddler-免费的Web调试代理-Telerik',NULL,'2020-05-08 15:00:30.596705','2020-05-08 15:00:30.596733','2020-05-08 15:00:30.596750',1,NULL),(558,'https://stanfordnlp.github.io/CoreNLP/download.html','','Download | Stanford CoreNLP',NULL,'2020-05-08 15:00:30.598079','2020-05-08 15:00:30.598111','2020-05-08 15:00:30.598128',1,NULL),(559,'https://pysimplegui.readthedocs.io/en/latest/','','PySimpleGUI',NULL,'2020-05-08 15:00:30.599132','2020-05-08 15:00:30.599284','2020-05-08 15:00:30.599306',1,NULL),(560,'https://github.com/ossu/computer-science#prerequisites','','GitHub-shanghai / computer-science：计算机科学的免费自学教育之路！',NULL,'2020-05-08 15:00:30.606613','2020-05-08 15:00:30.606687','2020-05-08 15:00:30.606708',1,NULL),(561,'https://www.mathworks.com/','','MathWorks-MATLAB和Simulink的制造商-MATLAB＆Simulink',NULL,'2020-05-08 15:00:30.608694','2020-05-08 15:00:30.608730','2020-05-08 15:00:30.608748',1,NULL),(562,'https://blog.csdn.net/yj54088/article/details/44265493','','win7安装黑苹果OS 10.9.1教程 - TimerYJ - CSDN博客',NULL,'2020-05-08 15:00:30.610268','2020-05-08 15:00:30.610304','2020-05-08 15:00:30.610322',1,NULL),(563,'https://blog.csdn.net/qq_28735663/article/details/80634300','','最新最详细的黑苹果10.13.4安装教程 - qq_28735663的博客 - CSDN博客',NULL,'2020-05-08 15:00:30.612083','2020-05-08 15:00:30.612171','2020-05-08 15:00:30.612192',1,NULL),(564,'https://blog.csdn.net/m0_37499059/article/details/82656006','','小白学习怎么安装黑苹果 - 夜空中最亮的星 - CSDN博客',NULL,'2020-05-08 15:00:30.616036','2020-05-08 15:00:30.616082','2020-05-08 15:00:30.616125',1,NULL),(565,'https://bbs.csdn.net/topics/392514575','','黑苹果安装教程-CSDN论坛',NULL,'2020-05-08 15:00:30.618040','2020-05-08 15:00:30.618074','2020-05-08 15:00:30.618114',1,NULL),(566,'https://www.52pojie.cn/thread-808811-1-1.html','','csdn下载，黑苹果10.14显卡怎么装啊 - 『悬赏问答区』 - 吾爱破解 - LCG - LSG |安卓破解|病毒分析|破解软件|www.52pojie.cn',NULL,'2020-05-08 15:00:30.619023','2020-05-08 15:00:30.619050','2020-05-08 15:00:30.619067',1,NULL),(567,'https://developer.apple.com/download/more/?=xcode','','More Software Downloads - Apple Developer',NULL,'2020-05-08 15:00:30.619890','2020-05-08 15:00:30.619916','2020-05-08 15:00:30.619932',1,NULL),(568,'https://blog.csdn.net/weixin_41427758/article/details/81187997','','re-ID学习资料 - Bo\'s Blog - CSDN博客',NULL,'2020-05-08 15:00:30.620832','2020-05-08 15:00:30.620858','2020-05-08 15:00:30.620875',1,NULL),(569,'https://blog.csdn.net/weixin_41427758/article/details/81188164','','行人重识别(ReID)概述 - Bo\'s Blog - CSDN博客',NULL,'2020-05-08 15:00:30.622099','2020-05-08 15:00:30.622128','2020-05-08 15:00:30.622145',1,NULL),(570,'https://www.bilibili.com/video/av13796843/oudao.com/','','【极市】郑哲东 -Deep-ReID：行人重识别的深度学习方法_哔哩哔哩 (゜-゜)つロ 干杯~-bilibili',NULL,'2020-05-08 15:00:30.624254','2020-05-08 15:00:30.624295','2020-05-08 15:00:30.624311',1,NULL),(571,'https://blog.csdn.net/xiaopihaierletian/article/details/76358532','','行人再识别（行人重识别）【包含与行人检测的对比】 - xiaopihaierletian的博客 - CSDN博客',NULL,'2020-05-08 15:00:30.633776','2020-05-08 15:00:30.633819','2020-05-08 15:00:30.633838',1,NULL),(572,'https://www.cnblogs.com/misswangxing/p/8144293.html','','python 图像库PIL详解 - 菜鸟的日记 - 博客园',NULL,'2020-05-08 15:00:30.639109','2020-05-08 15:00:30.639159','2020-05-08 15:00:30.639178',1,NULL),(573,'https://blog.csdn.net/weixin_43931159/article/details/84972862','','Django报错:Runtimeerror: generator raised StopIteration - weixin_43931159的博客 - CSDN博客',NULL,'2020-05-08 15:00:30.640897','2020-05-08 15:00:30.640929','2020-05-08 15:00:30.640947',1,NULL),(574,'http://127.0.0.1:8000/admin/goods/goodstype/add/','','RuntimeError at /admin/goods/goodstype/add/',NULL,'2020-05-08 15:00:30.643958','2020-05-08 15:00:30.643983','2020-05-08 15:00:30.643999',1,NULL),(575,'https://www.microsoft.com/en-us/download/details.aspx?displaylang=en&id=13959','','Download Microsoft Visual FoxPro 9.0 Service Pack 2.0 from Official Microsoft Download Center',NULL,'2020-05-08 15:00:30.645576','2020-05-08 15:00:30.645603','2020-05-08 15:00:30.645619',1,NULL),(576,'https://www.cnblogs.com/junqilian/p/4807699.html','','使用 Arduino 和 LM35 温度传感器监测温度 - 峻祁连 - 博客园',NULL,'2020-05-08 15:00:30.646576','2020-05-08 15:00:30.646616','2020-05-08 15:00:30.646635',1,NULL),(577,'https://www.arduino.cc/en/Tutorial/Fade','','Arduino - Fade',NULL,'2020-05-08 15:00:30.647499','2020-05-08 15:00:30.647526','2020-05-08 15:00:30.647543',1,NULL),(578,'https://www.raspberrypi.org/downloads/raspberry-pi-desktop/','','Raspberry Pi Desktop - Raspberry Pi',NULL,'2020-05-08 15:00:30.648328','2020-05-08 15:00:30.648353','2020-05-08 15:00:30.648369',1,NULL),(579,'https://elixir-lang.org/install.html','','安装Elixir-Elixir',NULL,'2020-05-08 15:00:30.649577','2020-05-08 15:00:30.649603','2020-05-08 15:00:30.649620',1,NULL),(580,'https://www.clojure.org/','','Clojure',NULL,'2020-05-08 15:00:30.650415','2020-05-08 15:00:30.650440','2020-05-08 15:00:30.650456',1,NULL),(581,'https://www.scala-lang.org/','','Scala编程语言',NULL,'2020-05-08 15:00:30.651305','2020-05-08 15:00:30.651330','2020-05-08 15:00:30.651346',1,NULL),(582,'https://www.mongodb.com/download-center/community?jmp=docs','','下载中心：社区服务器| MongoDB',NULL,'2020-05-08 15:00:30.652192','2020-05-08 15:00:30.652217','2020-05-08 15:00:30.652234',1,NULL),(583,'https://docs.mongodb.com/','','MongoDB文档',NULL,'2020-05-08 15:00:30.653564','2020-05-08 15:00:30.653600','2020-05-08 15:00:30.653618',1,NULL),(584,'http://www.openslr.org/18','','openslr.org',NULL,'2020-05-08 15:00:30.654556','2020-05-08 15:00:30.654588','2020-05-08 15:00:30.654659',1,NULL),(585,'https://www.cnblogs.com/think90/p/11557516.html','','Python实现语音识别和语音合成 - 曹明 - 博客园',NULL,'2020-05-08 15:00:30.655908','2020-05-08 15:00:30.655944','2020-05-08 15:00:30.655961',1,NULL),(586,'https://blog.csdn.net/qq_36119192/article/details/84254622','','Aircrack-ng破解无线WIFI密码_谢公子的博客-CSDN博客',NULL,'2020-05-08 15:00:30.661661','2020-05-08 15:00:30.661706','2020-05-08 15:00:30.661726',1,NULL),(587,'http://www.aircrack-ng.org/','','空袭',NULL,'2020-05-08 15:00:30.663121','2020-05-08 15:00:30.663152','2020-05-08 15:00:30.663171',1,NULL),(588,'https://github.com/t6x/reaver-wps-fork-t6x','','t6x / reaver-wps-fork-t6x',NULL,'2020-05-08 15:00:30.664019','2020-05-08 15:00:30.664046','2020-05-08 15:00:30.664064',1,NULL),(589,'https://www.baidu.com/link?url=gA37Nz8Ou8vphfIh9PVfANxcQnmshdUpLFjNzyzEexdXLNaoey7VHt1_wFct6xROxlRV2zlPYATxwGqJzzp_uq&wd=&eqid=8aa6c5d7002cdc06000000065e0e1126','','https://www.baidu.com/link?url=gA37Nz8Ou8vphfIh9PVfANxcQnmshdUpLFjNzyzEexdXLNaoey7VHt1_wFct6xROxlRV2zlPYATxwGqJzzp_uq&wd=&eqid=8aa6c5d7002cdc06000000065e0e1126',NULL,'2020-05-08 15:00:30.664882','2020-05-08 15:00:30.664908','2020-05-08 15:00:30.664925',1,NULL),(590,'https://blog.csdn.net/z806899669/article/details/99168443','','2019.8 Kali最新手把手安装教程_kali,教程,安装_MoLi blog-CSDN博客',NULL,'2020-05-08 15:00:30.666446','2020-05-08 15:00:30.666481','2020-05-08 15:00:30.666499',1,NULL),(591,'https://blog.csdn.net/weixin_34337381/article/details/92471229','','将Linux的默认语言改为英文_weixin_34337381的博客-CSDN博客',NULL,'2020-05-08 15:00:30.667736','2020-05-08 15:00:30.667770','2020-05-08 15:00:30.667787',1,NULL),(592,'https://blog.csdn.net/qq_19175749/article/details/50612242','','Kali linux切换语言为中文_小郑要飞飞-CSDN博客',NULL,'2020-05-08 15:00:30.668799','2020-05-08 15:00:30.668838','2020-05-08 15:00:30.668855',1,NULL),(593,'https://www.freebuf.com/sectool/73409.html','','社会工程学工具集Social-Engineer Toolkit基础使用教程 - FreeBuf互联网安全新媒体平台',NULL,'2020-05-08 15:00:30.670643','2020-05-08 15:00:30.670686','2020-05-08 15:00:30.670703',1,NULL),(594,'https://github.com/trustedsec/social-engineer-toolkit','','trustedsec/social-engineer-toolkit: The Social-Engineer Toolkit (SET) repository from TrustedSec - All new versions of SET will be deployed here.',NULL,'2020-05-08 15:00:30.672267','2020-05-08 15:00:30.672299','2020-05-08 15:00:30.672316',1,NULL),(595,'https://zh-cn.tenable.com/products/nessus/nessus-essentials','','Nessus Essentials 漏洞扫描程序 | Tenable®',NULL,'2020-05-08 15:00:30.673610','2020-05-08 15:00:30.673637','2020-05-08 15:00:30.673653',1,NULL),(596,'https://angular.cn/start','','Angular - Angular 入门：你的第一个应用',NULL,'2020-05-08 15:00:30.674611','2020-05-08 15:00:30.674638','2020-05-08 15:00:30.674656',1,NULL),(597,'http://www.ruanyifeng.com/blog/2015/07/flex-grammar.html','','Flex 布局教程：语法篇 - 阮一峰的网络日志',NULL,'2020-05-08 15:00:30.676018','2020-05-08 15:00:30.676047','2020-05-08 15:00:30.676064',1,NULL),(598,'https://cloud.tencent.com/act/campus?fromSource=gwzcw.2432500.2432500.2432500&utm_medium=cpc&utm_id=gwzcw.2432500.2432500.2432500','','腾讯云学生服务器_学生机_云服务器优惠套餐-云+校园 - 腾讯云',NULL,'2020-05-08 15:00:30.677387','2020-05-08 15:00:30.677427','2020-05-08 15:00:30.677444',1,NULL),(599,'https://cloud.tencent.com/edu/learning/course-1223-3131','','如何在云端搭建一个小程序 - 腾讯云大学',NULL,'2020-05-08 15:00:30.679233','2020-05-08 15:00:30.679280','2020-05-08 15:00:30.679298',1,NULL),(600,'http://yun.itheima.com/','','传智播客和黑马程序员视频库_传智播客和黑马程序员全套视频教程下载',NULL,'2020-05-08 15:00:30.680839','2020-05-08 15:00:30.680881','2020-05-08 15:00:30.680898',1,NULL),(601,'https://github.com/T-head-Semi/','','T-Head Semiconductor Co., Ltd.',NULL,'2020-05-08 15:00:30.682601','2020-05-08 15:00:30.682636','2020-05-08 15:00:30.682653',1,NULL),(602,'https://www.bmob.cn/shop/index/platform/2','','源码交易市场-Bmob后端云',NULL,'2020-05-08 15:00:30.684659','2020-05-08 15:00:30.684697','2020-05-08 15:00:30.684714',1,NULL),(603,'http://doc.bmob.cn/','','Bmob文档中心',NULL,'2020-05-08 15:00:30.686197','2020-05-08 15:00:30.686226','2020-05-08 15:00:30.686243',1,NULL),(604,'https://www.bmob.cn/','','Bmob后端云',NULL,'2020-05-08 15:00:30.688139','2020-05-08 15:00:30.688182','2020-05-08 15:00:30.688199',1,NULL),(605,'https://www.jianshu.com/p/562de40917ac','','Django前后端分离开发-新闻管理系统(二) - 简书',NULL,'2020-05-08 15:00:30.689862','2020-05-08 15:00:30.689914','2020-05-08 15:00:30.689935',1,NULL),(606,'https://www.cnblogs.com/meelo/p/6005768.html','','向SD卡写入树莓派的操作系统 - meelo - 博客园',NULL,'2020-05-08 15:00:30.690991','2020-05-08 15:00:30.691049','2020-05-08 15:00:30.691066',1,NULL),(607,'https://github.com/tencentyun/TIMSDK','','TIMSDK/WXMini at master · tencentyun/TIMSDK',NULL,'2020-05-08 15:00:30.692963','2020-05-08 15:00:30.693000','2020-05-08 15:00:30.693020',1,NULL),(608,'https://www.cnblogs.com/jiyanjiao-702521/p/11911854.html','','微信小程序与Django<一> - jiyanjiao - 博客园',NULL,'2020-05-08 15:00:30.700271','2020-05-08 15:00:30.700316','2020-05-08 15:00:30.700336',1,NULL),(609,'https://cn.vuejs.org/','','Vue.js',NULL,'2020-05-08 15:00:30.702154','2020-05-08 15:00:30.702190','2020-05-08 15:00:30.702207',1,NULL),(610,'https://www.w3school.com.cn/jquery/traversing_each.asp','','jQuery 遍历 - each() 方法',NULL,'2020-05-08 15:00:30.705580','2020-05-08 15:00:30.705635','2020-05-08 15:00:30.705655',1,NULL),(611,'https://www.cnblogs.com/xiaokuangnvhai/p/11757527.html','','django 前后端分离，后端接口实现 - 小戳同学 - 博客园',NULL,'2020-05-08 15:00:30.707683','2020-05-08 15:00:30.707723','2020-05-08 15:00:30.707742',1,NULL),(612,'https://www.cnblogs.com/ranyihang/p/10694635.html','','python框架django中结合vue进行前后端分离 - 冉姑娘 - 博客园',NULL,'2020-05-08 15:00:30.709208','2020-05-08 15:00:30.709247','2020-05-08 15:00:30.709265',1,NULL),(613,'https://segmentfault.com/a/1190000016049962','','Django前后端分离实践 - 个人文章 - SegmentFault 思否',NULL,'2020-05-08 15:00:30.710651','2020-05-08 15:00:30.710690','2020-05-08 15:00:30.710707',1,NULL),(614,'https://blog.csdn.net/yang__k/article/details/81062333','','即时通讯简单步骤_sunny_day的博客-CSDN博客',NULL,'2020-05-08 15:00:30.711679','2020-05-08 15:00:30.711706','2020-05-08 15:00:30.711722',1,NULL),(615,'https://www.jianshu.com/p/735e8444cdda','','GMT、UTC、DST、CST时区代表的意义 - 简书',NULL,'2020-05-08 15:00:30.714592','2020-05-08 15:00:30.714638','2020-05-08 15:00:30.714656',1,NULL),(616,'https://blog.csdn.net/geek_xiong/article/details/100108834','','爱家租房网站1-15博客地址_geek_xiong的博客-CSDN博客',NULL,'2020-05-08 15:00:30.716292','2020-05-08 15:00:30.716320','2020-05-08 15:00:30.716337',1,NULL),(617,'https://developers.weixin.qq.com/community/servicemarket?type=1&channel=4&kw=&industry=5&random=0.9663839395970659','','服务平台 | 微信开放社区',NULL,'2020-05-08 15:00:30.717586','2020-05-08 15:00:30.717612','2020-05-08 15:00:30.717628',1,NULL),(618,'https://lbs.qq.com/','','腾讯位置服务 - 立足生态，连接未来',NULL,'2020-05-08 15:00:30.721149','2020-05-08 15:00:30.721186','2020-05-08 15:00:30.721204',1,NULL),(619,'https://lbs.qq.com/webservice_v1/guide-search.html','','WebService API | 腾讯位置服务',NULL,'2020-05-08 15:00:30.722640','2020-05-08 15:00:30.722671','2020-05-08 15:00:30.722689',1,NULL),(620,'http://micropython.openioe.net/','','MicroPython 中文网',NULL,'2020-05-08 15:00:30.723569','2020-05-08 15:00:30.723596','2020-05-08 15:00:30.723613',1,NULL),(621,'https://github.com/aaPanel/BaoTa','','aaPanel/BaoTa: 宝塔Linux面板 - 简单好用的服务器运维面板',NULL,'2020-05-08 15:00:30.724498','2020-05-08 15:00:30.724525','2020-05-08 15:00:30.724541',1,NULL),(622,'https://zhidao.baidu.com/question/1181254701289585379.html','','2021年职高生到底能不能参加高考_百度知道',NULL,'2020-05-08 15:00:30.726154','2020-05-08 15:00:30.726204','2020-05-08 15:00:30.726221',1,NULL),(623,'http://tieba.baidu.com/p/6122492317?traceid=','','浙江中职生 我们学校是两年拿中专证的 我想参加普通高考 但是今年准备已经有些来不及了 想复读一年参加2021年高考可以吗_高考吧_百度贴吧',NULL,'2020-05-08 15:00:30.727230','2020-05-08 15:00:30.727257','2020-05-08 15:00:30.727273',1,NULL),(624,'https://www.zhihu.com/question/363298678?sort=created','','2021年山东应届中专生可以参加高考吗，需要会考成绩吗? - 知乎',NULL,'2020-05-08 15:00:30.728787','2020-05-08 15:00:30.728827','2020-05-08 15:00:30.728843',1,NULL),(625,'https://www.zhihu.com/question/375461010','','中职生到底要不要参加高考？ - 知乎',NULL,'2020-05-08 15:00:30.730534','2020-05-08 15:00:30.730579','2020-05-08 15:00:30.730596',1,NULL),(626,'https://www.zhihu.com/question/342786880/answer/803018108','','中专在读可以报考明年的高考吗? - 知乎',NULL,'2020-05-08 15:00:30.733159','2020-05-08 15:00:30.733229','2020-05-08 15:00:30.733247',1,NULL),(627,'https://baijiahao.baidu.com/s?id=1631605728219736952&wfr=spider&for=pc','','广东新高考改革方案出台 有五点变化',NULL,'2020-05-08 15:00:30.735191','2020-05-08 15:00:30.735242','2020-05-08 15:00:30.735272',1,NULL),(628,'https://baijiahao.baidu.com/s?id=1631619074576240100&wfr=spider&for=pc','','广东新高考改革方案正式出台！一图读懂新方案',NULL,'2020-05-08 15:00:30.741185','2020-05-08 15:00:30.741230','2020-05-08 15:00:30.741249',1,NULL),(629,'https://github.com/sissbruecker/linkding','','sissbruecker /链接：自托管书签服务',NULL,'2020-05-08 15:00:30.742212','2020-05-08 15:00:30.742240','2020-05-08 15:00:30.742258',1,NULL),(630,'https://blog.csdn.net/weixin_34389926/article/details/92542251','','什么是Notes文档型数据库?_数据库_weixin_34389926的博客-CSDN博客',NULL,'2020-05-08 15:00:30.743084','2020-05-08 15:00:30.743110','2020-05-08 15:00:30.743127',1,NULL),(631,'https://www.troyhunt.com/heres-why-your-static-website-needs-https/','','Troy Hunt: Here\'s Why Your Static Website Needs HTTPS',NULL,'2020-05-08 15:00:30.744067','2020-05-08 15:00:30.744104','2020-05-08 15:00:30.744122',1,NULL),(632,'https://github.com/jindaxiang/akshare','','jindaxiang/akshare: AkShare is an elegant and simple financial data interface library for Python, built for human beings!',NULL,'2020-05-08 15:00:30.745837','2020-05-08 15:00:30.745881','2020-05-08 15:00:30.745899',1,NULL),(633,'https://currencyscoop.com/api-documentation','','Currencyscoop API Documentation',NULL,'2020-05-08 15:00:30.746929','2020-05-08 15:00:30.746956','2020-05-08 15:00:30.746974',1,NULL),(634,'https://blog.csdn.net/m0_37622530/article/details/89679147','','如何安装量子计算编程工具Pyquil_运维_大羚羊的学习博客-CSDN博客',NULL,'2020-05-08 15:00:30.747792','2020-05-08 15:00:30.747817','2020-05-08 15:00:30.747833',1,NULL),(635,'https://rigetti.com/forest','','Rigetti Computing',NULL,'2020-05-08 15:00:30.748636','2020-05-08 15:00:30.748661','2020-05-08 15:00:30.748677',1,NULL),(636,'https://pyquil.readthedocs.io/en/latest/start.html','','Installation and Getting Started — pyQuil 2.18.0 documentation',NULL,'2020-05-08 15:00:30.749964','2020-05-08 15:00:30.749995','2020-05-08 15:00:30.750014',1,NULL),(637,'https://zhuanlan.zhihu.com/p/92884010','','量子编程Python工具新发布，本源量子领先剑桥量子一步！ - 知乎',NULL,'2020-05-08 15:00:30.750906','2020-05-08 15:00:30.750932','2020-05-08 15:00:30.750949',1,NULL),(638,'https://blog.csdn.net/ejinxian/article/details/81322128','','谷歌开源量子计算框架Cirq_网络_ejinxian的专栏-CSDN博客',NULL,'2020-05-08 15:00:30.751795','2020-05-08 15:00:30.751822','2020-05-08 15:00:30.751839',1,NULL),(639,'https://github.com/quantumlib/Cirq','','GitHub - quantumlib/Cirq: A python framework for creating, editing, and invoking Noisy Intermediate Scale Quantum (NISQ) circuits.',NULL,'2020-05-08 15:00:30.752663','2020-05-08 15:00:30.752687','2020-05-08 15:00:30.752703',1,NULL),(640,'https://github.com/zapatacomputing/cusp_cirq_demo/','','GitHub-shanghai / cpu-cirq_demo：使用Cirq演示CUSP算法',NULL,'2020-05-08 15:00:30.753959','2020-05-08 15:00:30.753985','2020-05-08 15:00:30.754001',1,NULL),(641,'https://cqcl.github.io/pytket/build/html/index.html','','pytket — pytket 0.4.0 documentation',NULL,'2020-05-08 15:00:30.754841','2020-05-08 15:00:30.754865','2020-05-08 15:00:30.754881',1,NULL),(642,'https://cambridgequantum.com/technology/','','Technology – Cambridge Quantum Computing',NULL,'2020-05-08 15:00:30.755658','2020-05-08 15:00:30.755682','2020-05-08 15:00:30.755719',1,NULL),(643,'https://cirq.readthedocs.io/en/stable/install.html','','Installing Cirq — Cirq 0.8.0.dev documentation',NULL,'2020-05-08 15:00:30.756554','2020-05-08 15:00:30.756578','2020-05-08 15:00:30.756594',1,NULL),(644,'https://github.com/quantumlib/openfermion','','GitHub-shanghai / OpenFermion：量子计算机的电子结构包',NULL,'2020-05-08 15:00:30.757841','2020-05-08 15:00:30.757865','2020-05-08 15:00:30.757881',1,NULL),(645,'https://cambridgequantum.com/publications/#','','出版物–剑桥量子计算',NULL,'2020-05-08 15:00:30.761969','2020-05-08 15:00:30.762027','2020-05-08 15:00:30.762047',1,NULL),(646,'http://vulhub.org.cn/','','首页-信息安全漏洞门户VULHUB',NULL,'2020-05-08 15:00:30.764082','2020-05-08 15:00:30.764120','2020-05-08 15:00:30.764141',1,NULL),(647,'https://github.com/dickens88','','dickens88 (Charles Liu)',NULL,'2020-05-08 15:00:30.765146','2020-05-08 15:00:30.765175','2020-05-08 15:00:30.765193',1,NULL),(648,'https://github.com/T13nn3s','','T13nn3s（T13nn3s）',NULL,'2020-05-08 15:00:30.766036','2020-05-08 15:00:30.766063','2020-05-08 15:00:30.766080',1,NULL),(649,'https://github.com/SecWiki/windows-kernel-exploits','','SecWiki/windows-kernel-exploits: windows-kernel-exploits Windows平台提权漏洞集合',NULL,'2020-05-08 15:00:30.766918','2020-05-08 15:00:30.766944','2020-05-08 15:00:30.766961',1,NULL),(650,'https://github.com/ezelf/CVE-2018-9995_dvr_credentials','','ezelf/CVE-2018-9995_dvr_credentials: (CVE-2018-9995) Get DVR Credentials',NULL,'2020-05-08 15:00:30.767850','2020-05-08 15:00:30.767877','2020-05-08 15:00:30.767893',1,NULL),(651,'https://metasploit.com/get-started','','https://metasploit.com/get-started',NULL,'2020-05-08 15:00:30.768841','2020-05-08 15:00:30.768871','2020-05-08 15:00:30.768888',1,NULL),(652,'https://github.com/rapid7/metasploit-framework','','Rapid7 / metasploit-framework：Metasploit框架',NULL,'2020-05-08 15:00:30.770331','2020-05-08 15:00:30.770364','2020-05-08 15:00:30.770381',1,NULL),(653,'https://s.tencent.com/','','腾讯安全 - 二十年安全能力沉淀',NULL,'2020-05-08 15:00:30.771395','2020-05-08 15:00:30.771428','2020-05-08 15:00:30.771445',1,NULL),(654,'https://s.tencent.com/research/report/907.html','','一张图看懂腾讯安全《2019年企业安全威胁报告》 - 威胁研究首页_威胁检测平台_联合实验室_研究报告_威胁通告_荣誉认证 - 腾讯安全',NULL,'2020-05-08 15:00:30.772560','2020-05-08 15:00:30.772589','2020-05-08 15:00:30.772606',1,NULL),(655,'https://www.cnblogs.com/jinanxiaolaohu/p/10367570.html','','【转帖】2018年Windows漏洞年度盘点 - 济南小老虎 - 博客园',NULL,'2020-05-08 15:00:30.773994','2020-05-08 15:00:30.774025','2020-05-08 15:00:30.774041',1,NULL),(656,'https://blog.csdn.net/sinat_41880528/article/details/80903279','','SMB服务漏洞MS17-010渗透测试_运维_sinat_41880528的博客-CSDN博客',NULL,'2020-05-08 15:00:30.775242','2020-05-08 15:00:30.775288','2020-05-08 15:00:30.775307',1,NULL),(657,'https://blog.csdn.net/sumkee911/article/details/84064500','','实战！入侵隔壁家WiFi与获取路由器管理权！_网络_sumkee911‘s coding-CSDN博客',NULL,'2020-05-08 15:00:30.777055','2020-05-08 15:00:30.777095','2020-05-08 15:00:30.777113',1,NULL),(658,'https://www.92ez.com/?action=show&id=23360','','获取公司主路由器控制权限小记 - 一只猿 - 前端攻城尸 | 安全研究员 | 硬件控 | 业余极客 | 开源拥护者',NULL,'2020-05-08 15:00:30.778607','2020-05-08 15:00:30.778656','2020-05-08 15:00:30.778678',1,NULL),(659,'https://www.cnblogs.com/iamstudy/articles/firewall_route_study_1.html','','防火墙-路由器学习(1) - l3m0n - 博客园',NULL,'2020-05-08 15:00:30.779613','2020-05-08 15:00:30.779669','2020-05-08 15:00:30.779691',1,NULL),(660,'https://www.cnblogs.com/iamstudy/articles/firewall_route_study_3.html','','防火墙-路由器学习(3)之正式入坑 - l3m0n - 博客园',NULL,'2020-05-08 15:00:30.780768','2020-05-08 15:00:30.780815','2020-05-08 15:00:30.780832',1,NULL),(661,'https://www.cnblogs.com/yyxianren/p/12426904.html','','msfvenom参数简介 - 御用闲人 - 博客园',NULL,'2020-05-08 15:00:30.782824','2020-05-08 15:00:30.782870','2020-05-08 15:00:30.782888',1,NULL),(662,'https://blog.csdn.net/Programmer_huangtao/article/details/92255204','','msfvenom简单命令_Programmer_huangtao的博客-CSDN博客',NULL,'2020-05-08 15:00:30.784165','2020-05-08 15:00:30.784196','2020-05-08 15:00:30.784213',1,NULL),(663,'https://blog.rapid7.com/tag/vulnerability-management/','','漏洞管理-Rapid7博客',NULL,'2020-05-08 15:00:30.785644','2020-05-08 15:00:30.785680','2020-05-08 15:00:30.785699',1,NULL),(664,'https://www.offensive-security.com/pwk-oscp/','','PWK和OSCP认证| 进攻安全',NULL,'2020-05-08 15:00:30.786601','2020-05-08 15:00:30.786653','2020-05-08 15:00:30.786671',1,NULL),(665,'https://www.freebuf.com/articles/network/200009.html','','OSCP（Offensive Security Certified Professional）考证全攻略 - FreeBuf互联网安全新媒体平台',NULL,'2020-05-08 15:00:30.787540','2020-05-08 15:00:30.787569','2020-05-08 15:00:30.787586',1,NULL),(666,'https://blog.csdn.net/lyy289065406/article/details/85038893','','白帽子渗透测试入门资源：参考书、课程、工具、认证_运维_ζёСяêτ - 小優YoU-CSDN博客',NULL,'2020-05-08 15:00:30.789735','2020-05-08 15:00:30.789777','2020-05-08 15:00:30.789795',1,NULL),(667,'https://github.com/mgsky1/Venus','','mgsky1/Venus: 一个基于Python的TCP内网穿透工具，支持向公网投射内网应用（实验）',NULL,'2020-05-08 15:00:30.792480','2020-05-08 15:00:30.792522','2020-05-08 15:00:30.792540',1,NULL),(668,'https://ehang-io.github.io/nps/#/nps_use','','使用 - Document',NULL,'2020-05-08 15:00:30.794385','2020-05-08 15:00:30.794435','2020-05-08 15:00:30.794451',1,NULL),(669,'https://maizer.pw/index.php/archives/37/','','内网穿透工具nps使用教程(一) - Maizer’s Blog',NULL,'2020-05-08 15:00:30.795948','2020-05-08 15:00:30.795988','2020-05-08 15:00:30.796006',1,NULL),(670,'https://github.com/ehang-io/nps','','ehang-io/nps: 一款轻量级、高性能、功能强大的内网穿透代理服务器。支持tcp、udp、socks5、http等几乎所有流量转发，可用来访问内网网站、本地支付接口调试、ssh访问、远程桌面，内网dns解析、内网socks5代理等等……，并带有功能强大的web管理端。a lightweight, high-performance, powerful intranet penetration proxy server, with a powerful web management terminal.',NULL,'2020-05-08 15:00:30.801080','2020-05-08 15:00:30.801135','2020-05-08 15:00:30.801155',1,NULL),(671,'https://ehang-io.github.io/nps/#/install','','安装 - Document',NULL,'2020-05-08 15:00:30.803383','2020-05-08 15:00:30.803429','2020-05-08 15:00:30.803447',1,NULL),(672,'http://www.immunityinc.com/#','','Immunity Inc. | Knowing You\'re Secure',NULL,'2020-05-08 15:00:30.805906','2020-05-08 15:00:30.805961','2020-05-08 15:00:30.805978',1,NULL),(673,'http://www.ollydbg.de/','','OllyDbg v1.10',NULL,'2020-05-08 15:00:30.807955','2020-05-08 15:00:30.807991','2020-05-08 15:00:30.808010',1,NULL),(674,'https://www.hex-rays.com/order/','','商店– Hex Rays',NULL,'2020-05-08 15:00:30.809342','2020-05-08 15:00:30.809370','2020-05-08 15:00:30.809388',1,NULL),(675,'https://www.jianshu.com/p/d425140c6561','','逆向操作【IDA Pro】 - 简书',NULL,'2020-05-08 15:00:30.810249','2020-05-08 15:00:30.810276','2020-05-08 15:00:30.810293',1,NULL),(676,'https://www.hex-rays.com/products/ida/support/download/','','IDA支持：下载中心– Hex Rays',NULL,'2020-05-08 15:00:30.811109','2020-05-08 15:00:30.811134','2020-05-08 15:00:30.811150',1,NULL),(677,'https://sourceforge.net/projects/owaspbwa/','','OWASP损坏的Web应用程序项目下载| SourceForge.net',NULL,'2020-05-08 15:00:30.811939','2020-05-08 15:00:30.811963','2020-05-08 15:00:30.811979',1,NULL),(678,'http://www.wjjsoft.com/chs','','知识管理工具, 自由格式数据库, 笔记软件以及个人信息管理',NULL,'2020-05-08 15:00:30.812804','2020-05-08 15:00:30.812831','2020-05-08 15:00:30.812847',1,NULL),(679,'https://www.passmark.com/products/wirelessmonitor/','','PassMark WirelessMon-无线802.11 WiFi监控软件',NULL,'2020-05-08 15:00:30.814141','2020-05-08 15:00:30.814167','2020-05-08 15:00:30.814184',1,NULL),(680,'https://blog.csdn.net/weixin_45308292/article/details/93614463','','华为模拟器eNSP安装史上最全。。_运维_weixin_45308292的博客-CSDN博客',NULL,'2020-05-08 15:00:30.814977','2020-05-08 15:00:30.815002','2020-05-08 15:00:30.815018',1,NULL),(681,'https://www.vandyke.com/download/securecrt/7.0/index.html','','Download - SecureCRT',NULL,'2020-05-08 15:00:30.815854','2020-05-08 15:00:30.815881','2020-05-08 15:00:30.815897',1,NULL),(682,'https://www.gns3.com/software/download','','Software - Download - GNS3',NULL,'2020-05-08 15:00:30.816971','2020-05-08 15:00:30.817005','2020-05-08 15:00:30.817021',1,NULL),(683,'https://www.fujieace.com/penetration-test/shodan.html','','Shodan搜索引擎使用教程 - 付杰博客',NULL,'2020-05-08 15:00:30.818409','2020-05-08 15:00:30.818434','2020-05-08 15:00:30.818450',1,NULL),(684,'https://www.mzbky.com/282.html','','VMware Workstation虚拟机如何连接usb网卡_梦泽贝壳',NULL,'2020-05-08 15:00:30.819269','2020-05-08 15:00:30.819293','2020-05-08 15:00:30.819309',1,NULL),(685,'https://github.com/bannedbook/fanqiang/wiki/Chrome%E4%B8%80%E9%94%AE%E7%BF%BB%E5%A2%99%E5%8C%85','','Chrome一键翻墙包 · bannedbook/fanqiang Wiki · GitHub',NULL,'2020-05-08 15:00:30.820099','2020-05-08 15:00:30.820123','2020-05-08 15:00:30.820140',1,NULL),(686,'https://blog.csdn.net/shanhanyu/article/details/80515892','','网站10大常见安全漏洞及解决方案_网络_shanhanyu的博客-CSDN博客',NULL,'2020-05-08 15:00:30.821466','2020-05-08 15:00:30.821498','2020-05-08 15:00:30.821537',1,NULL),(687,'https://www.gem-love.com/','','颖奇L\'Amore - 专注网络安全与渗透测试',NULL,'2020-05-08 15:00:30.822438','2020-05-08 15:00:30.822464','2020-05-08 15:00:30.822480',1,NULL),(688,'https://github.com/zgjx6/SocialEngineeringDictionaryGenerator','','zgjx6/SocialEngineeringDictionaryGenerator: 社会工程学密码生成器，是一个利用个人信息生成密码的工具',NULL,'2020-05-08 15:00:30.823579','2020-05-08 15:00:30.823605','2020-05-08 15:00:30.823621',1,NULL),(689,'https://github.com/alpha1e0/pentestdb','','alpha1e0/pentestdb: WEB渗透测试数据库',NULL,'2020-05-08 15:00:30.824549','2020-05-08 15:00:30.824574','2020-05-08 15:00:30.824591',1,NULL),(690,'https://www.jianshu.com/p/b3207ade6528','','介绍一款牛逼的社会工程学字典生成器 - 简书',NULL,'2020-05-08 15:00:30.828750','2020-05-08 15:00:30.828789','2020-05-08 15:00:30.828807',1,NULL),(691,'https://www.uedbox.com/post/57841/','','社会工程学密码生成器 - 体验盒子 - 关注网络安全',NULL,'2020-05-08 15:00:30.831165','2020-05-08 15:00:30.831206','2020-05-08 15:00:30.831223',1,NULL),(692,'https://blog.csdn.net/qiye_/article/details/53005463','','无线安全专题_破解篇03--打造个人字典_破解,安全,加密_七夜的博客-CSDN博客',NULL,'2020-05-08 15:00:30.832328','2020-05-08 15:00:30.832356','2020-05-08 15:00:30.832373',1,NULL),(693,'http://www.gem-love.com/','','颖奇L\'Amore - 专注网络安全与渗透测试',NULL,'2020-05-08 15:00:30.833698','2020-05-08 15:00:30.833727','2020-05-08 15:00:30.833744',1,NULL),(694,'https://blog.51cto.com/simeon/1744228','','使用Zoomeye***网络摄像头-小兵搞安全-51CTO博客',NULL,'2020-05-08 15:00:30.834683','2020-05-08 15:00:30.834714','2020-05-08 15:00:30.834731',1,NULL),(695,'https://blog.csdn.net/qq_42933484/article/details/91825798','','利用SHODAN访问摄像头（弱密码测试）_网络_qq_42933484的博客-CSDN博客',NULL,'2020-05-08 15:00:30.835904','2020-05-08 15:00:30.835945','2020-05-08 15:00:30.835962',1,NULL),(696,'https://a16z.com/2019/10/28/biology-eating-world-a16z-manifesto/','','生物学正在吞噬世界：宣言-安德森·霍洛维茨（Andreessen Horowitz）',NULL,'2020-05-08 15:00:30.838065','2020-05-08 15:00:30.838105','2020-05-08 15:00:30.838121',1,NULL),(697,'https://tkainrad.dev/posts/managing-my-personal-knowledge-base/','','管理我的个人知识库·tkainrad',NULL,'2020-05-08 15:00:30.839130','2020-05-08 15:00:30.839156','2020-05-08 15:00:30.839172',1,NULL),(698,'https://www.joisig.com/rules-software-startup-minimum-hassle','','23条规则以最小的麻烦运行软件启动 乔西格走了',NULL,'2020-05-08 15:00:30.842014','2020-05-08 15:00:30.842063','2020-05-08 15:00:30.842080',1,NULL),(699,'https://evrone.com/yukihiro-matsumoto-interview','','松本幸弘（Yukihiro Matsumoto）对Evrone公司的采访（英语）',NULL,'2020-05-08 15:00:30.843938','2020-05-08 15:00:30.843971','2020-05-08 15:00:30.843988',1,NULL),(700,'https://www.thenewatlantis.com/publications/after-climate-despair','','After Climate Despair - The New Atlantis',NULL,'2020-05-08 15:00:30.846029','2020-05-08 15:00:30.846064','2020-05-08 15:00:30.846080',1,NULL),(701,'https://spectrum.ieee.org/','','IEEE Spectrum: Technology, Engineering, and Science News - IEEE Spectrum',NULL,'2020-05-08 15:00:30.847080','2020-05-08 15:00:30.847110','2020-05-08 15:00:30.847127',1,NULL),(702,'https://bbs.pediy.com/','','看雪安全论坛',NULL,'2020-05-08 15:00:30.848213','2020-05-08 15:00:30.848242','2020-05-08 15:00:30.848258',1,NULL),(703,'http://www.cnnvd.org.cn/','','国家信息安全漏洞库',NULL,'2020-05-08 15:00:30.849694','2020-05-08 15:00:30.849736','2020-05-08 15:00:30.849753',1,NULL),(704,'https://zerodium.com/','','ZERODIUM-领先的漏洞获取平台',NULL,'2020-05-08 15:00:30.851035','2020-05-08 15:00:30.851069','2020-05-08 15:00:30.851085',1,NULL),(705,'https://blog.csdn.net/weixin_30532987/article/details/96265450','','全球著名的漏洞信息交易平台（漏洞赏金平台）_网络_weixin_30532987的博客-CSDN博客',NULL,'2020-05-08 15:00:30.852060','2020-05-08 15:00:30.852087','2020-05-08 15:00:30.852103',1,NULL),(706,'https://www.hackerone.com/','','Bug赏金-黑客支持的安全性测试| 黑客一号',NULL,'2020-05-08 15:00:30.854150','2020-05-08 15:00:30.854186','2020-05-08 15:00:30.854203',1,NULL),(707,'https://www.freebuf.com/tag/hackerone','','HackerOne - FreeBuf互联网安全新媒体平台',NULL,'2020-05-08 15:00:30.855256','2020-05-08 15:00:30.855283','2020-05-08 15:00:30.855300',1,NULL),(708,'https://github.com/stfpeak/CTF','','stfpeak/CTF: some experience in CTFs',NULL,'2020-05-08 15:00:30.856154','2020-05-08 15:00:30.856180','2020-05-08 15:00:30.856196',1,NULL),(709,'https://www.vulbox.com/top/season','','排行榜 | 漏洞盒子',NULL,'2020-05-08 15:00:30.857491','2020-05-08 15:00:30.857520','2020-05-08 15:00:30.857537',1,NULL),(710,'https://infiltratecon.com/','','入侵安全会议| 2020年',NULL,'2020-05-08 15:00:30.858481','2020-05-08 15:00:30.858510','2020-05-08 15:00:30.858527',1,NULL),(711,'http://netsec.ccert.edu.cn/','','NISL @周四',NULL,'2020-05-08 15:00:30.859763','2020-05-08 15:00:30.859805','2020-05-08 15:00:30.859821',1,NULL),(712,'https://bbs.hh010.com/','','鸿鹄论坛-CCNA,HCIA,思科华为,CCNA题库,CCNA考试,网络工程师论坛,CCIE培训,思科认证,华为认证,思科论坛 - 思科华为论坛',NULL,'2020-05-08 15:00:30.861053','2020-05-08 15:00:30.861083','2020-05-08 15:00:30.861099',1,NULL),(713,'http://bbs.vlan5.com/','','攻城狮论坛-CCNA论坛,思科华为,思科论坛,CCNA题库,CCNA考试,CCNP题库,CCIE培训,思科认证,华为认证,工程师论坛 - 思科华为论坛',NULL,'2020-05-08 15:00:30.862583','2020-05-08 15:00:30.862615','2020-05-08 15:00:30.862631',1,NULL),(714,'https://github.com/Cherish-sun','','Cherish-sun',NULL,'2020-05-08 15:00:30.863614','2020-05-08 15:00:30.863641','2020-05-08 15:00:30.863658',1,NULL),(715,'https://translate.google.com/','','翻译',NULL,'2020-05-08 15:00:30.864735','2020-05-08 15:00:30.864782','2020-05-08 15:00:30.864799',1,NULL),(716,'https://maps.google.com/','','地图',NULL,'2020-05-08 15:00:30.866623','2020-05-08 15:00:30.866687','2020-05-08 15:00:30.866705',1,NULL),(717,'https://accounts.google.com/b/0/AddMailService','','Gmail',NULL,'2020-05-08 15:00:30.868315','2020-05-08 15:00:30.868347','2020-05-08 15:00:30.868363',1,NULL),(718,'https://youtube.com/','','YouTube',NULL,'2020-05-08 15:00:30.873065','2020-05-08 15:00:30.873111','2020-05-08 15:00:30.873130',1,NULL),(719,'https://blog.csdn.net/wxystyle/article/details/80840441','','Python发送邮件(最全)_Tips的博客-CSDN博客',NULL,'2020-05-08 15:00:30.875091','2020-05-08 15:00:30.875132','2020-05-08 15:00:30.875150',1,NULL),(720,'https://www.dailycodingproblem.com/blog/daily-coding-problem-book-now-available/','','每日编码问题书现已发布！ ·日常编码问题',NULL,'2020-05-08 15:00:30.876347','2020-05-08 15:00:30.876459','2020-05-08 15:00:30.876479',1,NULL),(721,'https://www.shodan.io/explore/tag/webcam','','Shodan',NULL,'2020-05-08 15:00:30.878134','2020-05-08 15:00:30.878167','2020-05-08 15:00:30.878185',1,NULL),(722,'https://github.com/ICKelin','','ICKelin',NULL,'2020-05-08 15:00:30.879098','2020-05-08 15:00:30.879127','2020-05-08 15:00:30.879144',1,NULL),(723,'https://github.com/gin-gonic/gin','','gin-gonic/gin: Gin is a HTTP web framework written in Go (Golang). It features a Martini-like API with much better performance -- up to 40 times faster. If you need smashing performance, get yourself some Gin.',NULL,'2020-05-08 15:00:30.879979','2020-05-08 15:00:30.880005','2020-05-08 15:00:30.880022',1,NULL),(724,'https://github.com/tzc123','','tzc123',NULL,'2020-05-08 15:00:30.881227','2020-05-08 15:00:30.881257','2020-05-08 15:00:30.881274',1,NULL),(725,'https://www.teambition.com/','','Teambition · 团队协作工具创导者',NULL,'2020-05-08 15:00:30.882116','2020-05-08 15:00:30.882142','2020-05-08 15:00:30.882158',1,NULL),(726,'https://ebookcentral.proquest.com/auth/lib/nlc-ebooks/login.action?returnURL=https%3A%2F%2Febookcentral.proquest.com%2Flib%2Fnlc-ebooks%2Fhome.action','','ProQuest Ebook Central',NULL,'2020-05-08 15:00:30.882987','2020-05-08 15:00:30.883012','2020-05-08 15:00:30.883029',1,NULL),(727,'https://imuncle.github.io/','','大叔的小站',NULL,'2020-05-08 15:00:30.883830','2020-05-08 15:00:30.883856','2020-05-08 15:00:30.883872',1,NULL),(728,'http://www.cqvip.com/','','【维普官方网站】-www.cqvip.com-维普网',NULL,'2020-05-08 15:00:30.885405','2020-05-08 15:00:30.885436','2020-05-08 15:00:30.885452',1,NULL),(729,'https://www.boyuai.com/elites/','','伯禹学习平台',NULL,'2020-05-08 15:00:30.886315','2020-05-08 15:00:30.886379','2020-05-08 15:00:30.886399',1,NULL),(730,'https://www.boyuai.com/elites/course/cZu18YmweLv10OeV','','伯禹学习平台',NULL,'2020-05-08 15:00:30.887345','2020-05-08 15:00:30.887376','2020-05-08 15:00:30.887392',1,NULL),(731,'https://www.boyuai.com/elites/course/cZu18YmweLv10OeV/video/Rosi4tliobRSKaSVcsRx_','','伯禹学习平台',NULL,'2020-05-08 15:00:30.888444','2020-05-08 15:00:30.888474','2020-05-08 15:00:30.888490',1,NULL),(732,'https://www.kesci.com/org/boyuai/workspace/project','','伯禹教育',NULL,'2020-05-08 15:00:30.890001','2020-05-08 15:00:30.890033','2020-05-08 15:00:30.890050',1,NULL),(733,'https://www.kesci.com/org/boyuai/workspace/instance/mirror','','伯禹教育',NULL,'2020-05-08 15:00:30.890999','2020-05-08 15:00:30.891026','2020-05-08 15:00:30.891042',1,NULL),(734,'https://www.boyuai.com/elites/course/cZu18YmweLv10OeV/jupyter/FUT2TsxGNn4g4JY1ayb1W','','伯禹学习平台',NULL,'2020-05-08 15:00:30.891941','2020-05-08 15:00:30.891969','2020-05-08 15:00:30.891986',1,NULL),(735,'https://www.it120.cc/','','api工厂 - 创新创业孵化器 - 帮你实现你的创新成就你的创业',NULL,'2020-05-08 15:00:30.892929','2020-05-08 15:00:30.892961','2020-05-08 15:00:30.892977',1,NULL),(736,'https://docs.julialang.org/en/v1/','','主页·朱莉娅语言',NULL,'2020-05-08 15:00:30.894443','2020-05-08 15:00:30.894478','2020-05-08 15:00:30.894494',1,NULL),(737,'https://dart.dev/','','Dart programming language | Dart',NULL,'2020-05-08 15:00:30.895641','2020-05-08 15:00:30.895677','2020-05-08 15:00:30.895694',1,NULL),(738,'https://api.dart.dev/stable/2.7.1/index.html','','Dart-Dart API文档',NULL,'2020-05-08 15:00:30.897107','2020-05-08 15:00:30.897166','2020-05-08 15:00:30.897183',1,NULL),(739,'https://github.com/david-pzh/X-Bot','','david-pzh/X-Bot: 一个自己设计的超迷你写字机器人，软件、电路、结构完全开源。',NULL,'2020-05-08 15:00:30.899243','2020-05-08 15:00:30.899281','2020-05-08 15:00:30.899340',1,NULL),(740,'http://r.virscan.org/language/zh-cn/report/404.html','','VirSCAN.org - Free Multi-Engine Online Virus Scanner v1.02, Supports 47 AntiVirus Engines!',NULL,'2020-05-08 15:00:30.900885','2020-05-08 15:00:30.900920','2020-05-08 15:00:30.900937',1,NULL),(741,'http://www.chanpinban.com/goods/?type_id=1','','课程资料',NULL,'2020-05-08 15:00:30.903231','2020-05-08 15:00:30.903276','2020-05-08 15:00:30.903353',1,NULL),(742,'https://www.cnblogs.com/softfairy/p/9692438.html','','01-国内开源镜像站汇总 - softfairy - 博客园',NULL,'2020-05-08 15:00:30.904564','2020-05-08 15:00:30.904604','2020-05-08 15:00:30.904621',1,NULL),(743,'http://mirrors.aliyun.com/ubuntu-releases/19.10/','','Index of /ubuntu-releases/19.10/',NULL,'2020-05-08 15:00:30.906011','2020-05-08 15:00:30.906041','2020-05-08 15:00:30.906058',1,NULL),(744,'https://www.baklib.com/','','baklib | 在线制作知识库文档, 帮助手册, 产品手册, 客服中心',NULL,'2020-05-08 15:00:30.906884','2020-05-08 15:00:30.906909','2020-05-08 15:00:30.906926',1,NULL),(745,'http://eea.gd.gov.cn/bmbk/index.html','','广东省教育考试院',NULL,'2020-05-08 15:00:30.907723','2020-05-08 15:00:30.907748','2020-05-08 15:00:30.907764',1,NULL),(746,'http://eea.gd.gov.cn/zcjd/content/post_2283780.html','','做好新高考选择 助力生涯发展  广东省教育考试院',NULL,'2020-05-08 15:00:30.908631','2020-05-08 15:00:30.908657','2020-05-08 15:00:30.908673',1,NULL),(747,'http://eea.gd.gov.cn/news/content/post_2282164.html','','广东省人民政府关于印发广东省深化普通高校考试招生制度综合改革实施方案的通知  广东省教育考试院',NULL,'2020-05-08 15:00:30.909848','2020-05-08 15:00:30.909876','2020-05-08 15:00:30.909893',1,NULL),(748,'http://eea.gd.gov.cn/zcjd/content/post_2282156.html','','一图读懂广东高考改革方案  广东省教育考试院',NULL,'2020-05-08 15:00:30.910729','2020-05-08 15:00:30.910755','2020-05-08 15:00:30.910771',1,NULL),(749,'https://www.eeagd.edu.cn/xkcx/','','2021年拟在粤招生普通高校的本专科专业选考科目要求（3+1+2模式）',NULL,'2020-05-08 15:00:30.911599','2020-05-08 15:00:30.911625','2020-05-08 15:00:30.911641',1,NULL),(750,'http://eea.gd.gov.cn/index/xgkgg/content/post_2595052.html','','2021年拟在粤招生普通高校专业（类）选考科目要求查询系统正式开通  广东省教育考试院',NULL,'2020-05-08 15:00:30.912479','2020-05-08 15:00:30.912504','2020-05-08 15:00:30.912520',1,NULL),(751,'http://eea.gd.gov.cn/zcjd/index.html','','广东省教育考试院',NULL,'2020-05-08 15:00:30.914043','2020-05-08 15:00:30.914073','2020-05-08 15:00:30.914090',1,NULL),(752,'http://www.gaokao.com/guangdong/gdgkst/','','广东高考试题_历年考试真题及答案解析_广东高考网_高考网',NULL,'2020-05-08 15:00:30.914974','2020-05-08 15:00:30.915002','2020-05-08 15:00:30.915019',1,NULL),(753,'http://eea.gd.gov.cn/tzgg/content/post_2876798.html','','关于公布广东省2020年普通高校春季高考招生录取最低分数线的通知  广东省教育考试院',NULL,'2020-05-08 15:00:30.916181','2020-05-08 15:00:30.916210','2020-05-08 15:00:30.916226',1,NULL),(754,'http://eea.gd.gov.cn/tzgg/content/post_2653513.html','','关于做好2020年普通高等学校招收中职毕业生“3+专业技能课程证书”考试招生工作的通知  广东省教育考试院',NULL,'2020-05-08 15:00:30.918490','2020-05-08 15:00:30.918527','2020-05-08 15:00:30.918544',1,NULL),(755,'http://eea.gd.gov.cn/tzgg/content/post_2637475.html','','关于2020年我省普通高考和高中学考报名考试安排的公告  广东省教育考试院',NULL,'2020-05-08 15:00:30.919620','2020-05-08 15:00:30.919655','2020-05-08 15:00:30.919671',1,NULL),(756,'http://app.bhwang.cn/wap/thread/view-thread/tid/2005718','','普通高中学业水平合格性考试科目、分值定了…',NULL,'2020-05-08 15:00:30.920863','2020-05-08 15:00:30.920903','2020-05-08 15:00:30.920920',1,NULL),(757,'http://search.gd.gov.cn/search/local_msg/166?keywords=%E6%99%AE%E9%80%9A%E9%AB%98%E4%B8%AD%E5%AD%A6%E4%B8%9A%E6%B0%B4%E5%B9%B3%E8%80%83%E8%AF%95%E6%97%B6%E9%97%B4','','站内检索 - 广东省教育考试院网站',NULL,'2020-05-08 15:00:30.923377','2020-05-08 15:00:30.923434','2020-05-08 15:00:30.923451',1,NULL),(758,'http://eea.gd.gov.cn/hdjlpt/detail?pid=529653','','互动交流 - 广东省教育考试院网站',NULL,'2020-05-08 15:00:30.924719','2020-05-08 15:00:30.924747','2020-05-08 15:00:30.924763',1,NULL),(759,'http://eea.gd.gov.cn/gzxk/content/post_2638363.html','','关于做好2019年12月和2020年1月广东省普通高中学业水平考试报名工作的通知  广东省教育考试院',NULL,'2020-05-08 15:00:30.926266','2020-05-08 15:00:30.926307','2020-05-08 15:00:30.926324',1,NULL),(760,'http://eea.gd.gov.cn/hdjlpt/detail?pid=539518','','互动交流 - 广东省教育考试院网站',NULL,'2020-05-08 15:00:30.927641','2020-05-08 15:00:30.927688','2020-05-08 15:00:30.927705',1,NULL),(761,'http://eea.gd.gov.cn/hdjlpt/','','互动交流 - 广东省教育考试院网站',NULL,'2020-05-08 15:00:30.931894','2020-05-08 15:00:30.931938','2020-05-08 15:00:30.931958',1,NULL),(762,'http://eea.gd.gov.cn/hdjlpt/published','','互动交流 - 广东省教育考试院网站',NULL,'2020-05-08 15:00:30.933782','2020-05-08 15:00:30.933811','2020-05-08 15:00:30.933829',1,NULL),(763,'http://eea.gd.gov.cn/hdjlpt/detail?pid=111509','','互动交流 - 广东省教育考试院网站',NULL,'2020-05-08 15:00:30.934724','2020-05-08 15:00:30.934755','2020-05-08 15:00:30.934775',1,NULL),(764,'https://avalive.cn/wechat/mobile.html#/livepc/2c921ec56ff98a4f016fffd5c6330b75/from/0','','AVA云直播',NULL,'2020-05-08 15:00:30.935622','2020-05-08 15:00:30.935648','2020-05-08 15:00:30.935666',1,NULL),(765,'https://avalive.cn/wechat/mobile.html#/livepc/2c921ec66ff9926c016fffd5a5670b84/from/0','','AVA云直播',NULL,'2020-05-08 15:00:30.936517','2020-05-08 15:00:30.936544','2020-05-08 15:00:30.936561',1,NULL),(766,'https://mp.weixin.qq.com/s/TbbaaULqf0uu2NIlYMrPJQ','','2018年新高一这些省份使用的新历史课本终于出来了',NULL,'2020-05-08 15:00:30.937822','2020-05-08 15:00:30.937856','2020-05-08 15:00:30.937874',1,NULL),(767,'https://www.jianshu.com/p/a588f7b0d281','','声纹识别（说话人识别）.2 - 简书',NULL,'2020-05-08 15:00:30.938852','2020-05-08 15:00:30.938883','2020-05-08 15:00:30.938901',1,NULL),(768,'https://cn.vuejs.org/v2/guide/syntax.html','','模板语法 — Vue.js',NULL,'2020-05-08 15:00:30.939790','2020-05-08 15:00:30.939817','2020-05-08 15:00:30.939834',1,NULL),(769,'https://www.postgresql.org/','','PostgreSQL: The world\'s most advanced open source database',NULL,'2020-05-08 15:00:30.940678','2020-05-08 15:00:30.940706','2020-05-08 15:00:30.940723',1,NULL),(770,'https://blog.csdn.net/litao31415/article/details/83054073','','虚拟机网卡设置NAT模式和仅主机模式_运维_mkelehk的专栏-CSDN博客',NULL,'2020-05-08 15:00:30.941911','2020-05-08 15:00:30.941942','2020-05-08 15:00:30.941961',1,NULL),(771,'https://blog.csdn.net/ChengTong007/article/details/81777656','','同一台主机下的两台虚拟机互ping不通_运维_ChengTong007的博客-CSDN博客',NULL,'2020-05-08 15:00:30.942867','2020-05-08 15:00:30.942897','2020-05-08 15:00:30.942914',1,NULL),(772,'https://abstractkitchen.com/blog/a-short-guide-to-chinese-coordinate-system/','','中国坐标系简短指南/ abstractkitchen.com',NULL,'2020-05-08 15:00:30.943836','2020-05-08 15:00:30.943865','2020-05-08 15:00:30.943882',1,NULL),(773,'https://www.changhai.org/articles/miscellaneous/people/Dyson.php','','戴森印象记',NULL,'2020-05-08 15:00:30.945196','2020-05-08 15:00:30.945227','2020-05-08 15:00:30.945243',1,NULL),(774,'https://ciechanow.ski/gears/','','齿轮– Bartosz Ciechanowski',NULL,'2020-05-08 15:00:30.946095','2020-05-08 15:00:30.946121','2020-05-08 15:00:30.946138',1,NULL),(775,'https://d2l.ai/','','深入研究深度学习—深入研究深度学习0.7.1文档',NULL,'2020-05-08 15:00:30.947049','2020-05-08 15:00:30.947075','2020-05-08 15:00:30.947091',1,NULL),(776,'http://www.ruanyifeng.com/blog/archives.html','','阮一峰的网络日志 ： 全部文章（按分类查看）',NULL,'2020-05-08 15:00:30.947925','2020-05-08 15:00:30.947952','2020-05-08 15:00:30.947968',1,NULL),(777,'https://rosettagit.org/','','https://rosettagit.org',NULL,'2020-05-08 15:00:30.949701','2020-05-08 15:00:30.949751','2020-05-08 15:00:30.949768',1,NULL),(778,'https://toc.cryptobook.us/','','应用密码学研究生课程',NULL,'2020-05-08 15:00:30.951589','2020-05-08 15:00:30.951636','2020-05-08 15:00:30.951652',1,NULL),(779,'https://workona.com/','','Workona | 在浏览器中更好的工作方式',NULL,'2020-05-08 15:00:30.952670','2020-05-08 15:00:30.952704','2020-05-08 15:00:30.952723',1,NULL),(780,'https://www.notion.so/desktop','','Notion – Mac & Windows',NULL,'2020-05-08 15:00:30.954386','2020-05-08 15:00:30.954435','2020-05-08 15:00:30.954452',1,NULL),(781,'https://www.notion.so/?r=cb45b9cefd824015a044b3336009be32','','Notion – The all-in-one workspace for your notes, tasks, wikis, and databases.',NULL,'2020-05-08 15:00:30.955974','2020-05-08 15:00:30.956015','2020-05-08 15:00:30.956032',1,NULL),(782,'https://console.cloud.tencent.com/workorder/detail?ticketId=202003246524','','工单详情 - 工单系统',NULL,'2020-05-08 15:00:30.957616','2020-05-08 15:00:30.957653','2020-05-08 15:00:30.957670',1,NULL),(783,'https://member.bilibili.com/v2#/upload-manager/article?page=1','','创作中心 - 哔哩哔哩弹幕视频网 - ( ゜- ゜)つロ 乾杯~',NULL,'2020-05-08 15:00:30.958942','2020-05-08 15:00:30.958990','2020-05-08 15:00:30.959006',1,NULL),(784,'https://member.bilibili.com/v2#/upload/video/frame','','创作中心 - 哔哩哔哩弹幕视频网 - ( ゜- ゜)つロ 乾杯~',NULL,'2020-05-08 15:00:30.960274','2020-05-08 15:00:30.960307','2020-05-08 15:00:30.960324',1,NULL),(785,'https://www.i0day.com/%e6%89%80%e6%9c%89%e6%96%87%e7%ab%a0','','所有文章 – 小马博客',NULL,'2020-05-08 15:00:30.961634','2020-05-08 15:00:30.961674','2020-05-08 15:00:30.961690',1,NULL),(786,'https://www.cnblogs.com/2014asm/p/9795034.html','','漏洞分析入门一 - 我是小三 - 博客园',NULL,'2020-05-08 15:00:30.963507','2020-05-08 15:00:30.963546','2020-05-08 15:00:30.963563',1,NULL),(787,'https://www.i0day.com/1736.html','','Metasploit渗透测试魔鬼训练营完整版(附环境) – 小马博客',NULL,'2020-05-08 15:00:30.964796','2020-05-08 15:00:30.964826','2020-05-08 15:00:30.964842',1,NULL),(788,'https://gitee.com/didiopensource/chameleon/','','chameleon: 一套代码运行多端，一端所见即多端所见',NULL,'2020-05-08 15:00:30.965698','2020-05-08 15:00:30.965722','2020-05-08 15:00:30.965739',1,NULL),(789,'https://www.huaweicloud.com/HDC.Cloud.html','','华为开发者大会2020（Cloud）-华为云',NULL,'2020-05-08 15:00:30.969732','2020-05-08 15:00:30.969765','2020-05-08 15:00:30.969784',1,NULL),(790,'https://blackarch.org/downloads.html#mirror-list','','下载BlackArch',NULL,'2020-05-08 15:00:30.971332','2020-05-08 15:00:30.971366','2020-05-08 15:00:30.971384',1,NULL),(791,'http://www.lifeweek.com.cn/','','三联生活周刊',NULL,'2020-05-08 15:00:30.972314','2020-05-08 15:00:30.972342','2020-05-08 15:00:30.972359',1,NULL),(792,'https://www.bloomberg.net/','','彭博社| 关于，产品，联系人',NULL,'2020-05-08 15:00:30.973593','2020-05-08 15:00:30.973622','2020-05-08 15:00:30.973639',1,NULL),(793,'https://www.spacex.com/','','太空X',NULL,'2020-05-08 15:00:30.974511','2020-05-08 15:00:30.974537','2020-05-08 15:00:30.974554',1,NULL),(794,'https://github.com/sissbruecker/linkding/','','GitHub-shanghai / linking：自托管书签服务',NULL,'2020-05-08 15:00:30.975456','2020-05-08 15:00:30.975484','2020-05-08 15:00:30.975500',1,NULL),(795,'http://192.168.0.105:8000/bookmarklet','','链接',NULL,'2020-05-08 15:00:30.976464','2020-05-08 15:00:30.976495','2020-05-08 15:00:30.976511',1,NULL),(796,'https://www.w3school.com.cn/html/html_forms.asp','','HTML 表单',NULL,'2020-05-08 15:00:30.977861','2020-05-08 15:00:30.977891','2020-05-08 15:00:30.977909',1,NULL),(797,'https://www.expreview.com/65513.html','','超能课堂(163)：手机是如何进行北斗卫星定位的？ - 超能网',NULL,'2020-05-08 15:00:30.978761','2020-05-08 15:00:30.978787','2020-05-08 15:00:30.978803',1,NULL),(798,'https://github.com/bannedbook/fanqiang','','GitHub - bannedbook/fanqiang: 翻墙-科学上网',NULL,'2020-05-08 15:00:30.979707','2020-05-08 15:00:30.979732','2020-05-08 15:00:30.979748',1,NULL),(799,'https://github.com/ldqk/new-pac','','GitHub - ldqk/new-pac: 科学上网专用',NULL,'2020-05-08 15:00:30.980693','2020-05-08 15:00:30.980721','2020-05-08 15:00:30.980737',1,NULL),(800,'https://github.com/xiaoming2028/FreePAC','','GitHub - xiaoming2028/FreePAC: 科学上网/梯子/自由上网/翻墙 SS/SSR/V2Ray/Brook 搭建教程',NULL,'2020-05-08 15:00:30.982077','2020-05-08 15:00:30.982109','2020-05-08 15:00:30.982125',1,NULL),(801,'https://github.com/softwaredownload/openwrt-fanqiang','','GitHub - softwaredownload/openwrt-fanqiang: 最好的路由器翻墙、科学上网教程—OpenWrt—shadowsocks',NULL,'2020-05-08 15:00:30.983050','2020-05-08 15:00:30.983110','2020-05-08 15:00:30.983127',1,NULL),(802,'https://github.com/search?q=%E7%A7%91%E5%AD%A6%E4%B8%8A%E7%BD%91','Search · 科学上网 · GitH','Search · 科学上网 · GitHub','','2020-05-08 15:00:30.985309','2020-05-09 15:36:26.690724','2020-05-09 15:36:26.690734',42,NULL),(803,'https://github.com/hugetiny/awesome-vpn','','GitHub - hugetiny/awesome-vpn: Free VPN/proxy,server,account,link list.,实时更新免费的代理,科学上网,翻墙,梯子,服务器,客户端,账号',NULL,'2020-05-08 15:00:30.988087','2020-05-08 15:00:30.988134','2020-05-08 15:00:30.988151',1,NULL),(804,'https://github.com/YoulianBoshi/lantern-vpn','','GitHub-shanghai / lantern-vpn：PC蓝灯破解版在这里，重启程序重置500M流量，屏蔽自动更新，永久使用',NULL,'2020-05-08 15:00:30.990283','2020-05-08 15:00:30.990317','2020-05-08 15:00:30.990335',1,NULL),(805,'https://blog.csdn.net/liudun_cool/article/details/68691317','','树莓派3 Model B实现串口拨打电话_Python_liudun_cool的博客-CSDN博客',NULL,'2020-05-08 15:00:30.991292','2020-05-08 15:00:30.991319','2020-05-08 15:00:30.991335',1,NULL),(806,'https://blog.csdn.net/chinavas/article/details/96019492/','','MicroSIP软电话的安装和使用--从电脑上接听和拨打电话_运维_chinavas的博客-CSDN博客',NULL,'2020-05-08 15:00:30.992743','2020-05-08 15:00:30.992784','2020-05-08 15:00:30.992801',1,NULL),(807,'https://blog.csdn.net/Kasumihanamaru/article/details/84305388','','[转]【IT之家干货店】教你用Win10连接iPhone，在电脑上接打电话、收发短信_运维_Kasumihanamaru的博客-CSDN博客',NULL,'2020-05-08 15:00:30.994611','2020-05-08 15:00:30.994654','2020-05-08 15:00:30.994674',1,NULL),(808,'https://blog.csdn.net/jacka654321/article/details/80692001','','树莓派 4G无线上网卡托+电信/移动4G SIM卡_运维_jacka654321的博客-CSDN博客',NULL,'2020-05-08 15:00:30.995701','2020-05-08 15:00:30.995730','2020-05-08 15:00:30.995748',1,NULL),(809,'https://github.com/krishnakumarsekar/awesome-quantum-machine-learning','','krishnakumarsekar/awesome-quantum-machine-learning: Here you can get all the Quantum Machine learning Basics, Algorithms ,Study Materials ,Projects and the descriptions of the projects around the web',NULL,'2020-05-08 15:00:30.996612','2020-05-08 15:00:30.996639','2020-05-08 15:00:30.996656',1,NULL),(810,'https://github.com/rcbyron/hey-athena-client','','rcbyron / hey-athena-client：您的个人语音助手',NULL,'2020-05-08 15:00:30.997953','2020-05-08 15:00:30.997984','2020-05-08 15:00:30.998000',1,NULL),(811,'https://github.com/tenstone/kim-voice-assistant','','tenstone / kim-voice-assistant：Kim，你的私人语音助理。',NULL,'2020-05-08 15:00:30.999805','2020-05-08 15:00:30.999829','2020-05-08 15:00:30.999845',1,NULL),(812,'https://blog.csdn.net/qq_31811537/article/details/73468901','','语音合成的思路、语音的声学特征、声音采样的一些资料_网络_青豆——廖-CSDN博客',NULL,'2020-05-08 15:00:31.000715','2020-05-08 15:00:31.000741','2020-05-08 15:00:31.000757',1,NULL),(813,'https://github.com/CorentinJ/Real-Time-Voice-Cloning','','CorentinJ/Real-Time-Voice-Cloning: Clone a voice in 5 seconds to generate arbitrary speech in real-time',NULL,'2020-05-08 15:00:31.002027','2020-05-08 15:00:31.002054','2020-05-08 15:00:31.002071',1,NULL),(814,'https://blog.csdn.net/fendouaini/article/details/94936871','','现在你可以通过深度学习用别人的声音来说话了_人工智能_TensorFlowNews-CSDN博客',NULL,'2020-05-08 15:00:31.002864','2020-05-08 15:00:31.002889','2020-05-08 15:00:31.002905',1,NULL),(815,'https://blog.csdn.net/GitChat/article/details/82598581','','一定要小心AI语音合成技术，我妈就被骗了！_人工智能_技术杂谈-CSDN博客',NULL,'2020-05-08 15:00:31.003726','2020-05-08 15:00:31.003750','2020-05-08 15:00:31.003766',1,NULL),(816,'https://github.com/peng-zhihui?tab=repositories','','peng-zhihui (稚晖) / Repositories',NULL,'2020-05-08 15:00:31.004750','2020-05-08 15:00:31.004785','2020-05-08 15:00:31.004801',1,NULL),(817,'https://github.com/tiberiu44/TTS-Cube','','tiberiu44 / TTS-Cube：具有递归神经网络的End-2-end语音合成',NULL,'2020-05-08 15:00:31.009582','2020-05-08 15:00:31.009626','2020-05-08 15:00:31.009645',1,NULL),(818,'https://blog.csdn.net/wang124454731/article/details/78911220','','python导出chrome书签到markdown文件_markdown_深蓝浅蓝的天-CSDN博客',NULL,'2020-05-08 15:00:31.011031','2020-05-08 15:00:31.011062','2020-05-08 15:00:31.011080',1,NULL),(819,'https://www.jianshu.com/p/b4c1ad6d9399','','python导出chrome书签到markdown文件 - 简书',NULL,'2020-05-08 15:00:31.011936','2020-05-08 15:00:31.011963','2020-05-08 15:00:31.012006',1,NULL),(820,'https://www.cnblogs.com/v5free/archive/2017/12/11/8023303.html','','读取Chrome书签文件 - v5free - 博客园',NULL,'2020-05-08 15:00:31.013012','2020-05-08 15:00:31.013044','2020-05-08 15:00:31.013061',1,NULL),(821,'https://github.com/jumejume1/Arduino','','jumejume1 / Arduino：创客家教频道',NULL,'2020-05-08 15:00:31.013942','2020-05-08 15:00:31.014020','2020-05-08 15:00:31.014044',1,NULL),(822,'https://www.jianshu.com/nb/28037324','Arduino - 文集 - 简书','Arduino - 文集 - 简书','','2020-05-08 15:00:31.015039','2020-05-09 15:36:03.702149','2020-05-09 15:36:03.702163',41,NULL),(823,'https://www.arduino.cn/thread-1066-1-1.html','','Arduino教程汇总贴（2018.1.20更新）-Arduino中文社区 - Powered by Discuz!',NULL,'2020-05-08 15:00:31.016574','2020-05-08 15:00:31.016621','2020-05-08 15:00:31.016639',1,NULL),(824,'https://github.com/iot-playground/Arduino','物联网/ Arduino：ESP8266','物联网/ Arduino：ESP8266 EasyIoT库和传感器示例','','2020-05-08 15:00:31.018069','2020-05-09 15:34:31.803690','2020-05-09 15:34:31.803700',41,NULL),(825,'https://www.baidu.com/',NULL,'百度一下，你就知道',NULL,'2020-05-10 11:02:30.969031','2020-05-10 11:02:30.969145','2020-05-10 11:02:30.969172',44,''),(826,'https://www.jianshu.com/p/afa41dba58aa',NULL,'Django - ORM 一对多，多对多操作',NULL,'2020-05-10 13:00:19.686092','2020-05-10 13:00:20.717737','2020-05-10 13:00:20.717751',15,'');
/*!40000 ALTER TABLE `tb_bookmark` ENABLE KEYS */;
UNLOCK TABLES;

--
-- Table structure for table `tb_bookmark_tags`
--

DROP TABLE IF EXISTS `tb_bookmark_tags`;
/*!40101 SET @saved_cs_client     = @@character_set_client */;
/*!40101 SET character_set_client = utf8 */;
CREATE TABLE `tb_bookmark_tags` (
  `id` int(11) NOT NULL AUTO_INCREMENT,
  `bookmark_id` int(11) NOT NULL,
  `tag_id` int(11) NOT NULL,
  PRIMARY KEY (`id`),
  UNIQUE KEY `tb_bookmark_tags_bookmark_id_tag_id_f42c27a6_uniq` (`bookmark_id`,`tag_id`),
  KEY `tb_bookmark_tags_tag_id_b854a3b1_fk_tb_tag_id` (`tag_id`),
  CONSTRAINT `tb_bookmark_tags_bookmark_id_1239c5b5_fk_tb_bookmark_id` FOREIGN KEY (`bookmark_id`) REFERENCES `tb_bookmark` (`id`),
  CONSTRAINT `tb_bookmark_tags_tag_id_b854a3b1_fk_tb_tag_id` FOREIGN KEY (`tag_id`) REFERENCES `tb_tag` (`id`)
) ENGINE=InnoDB AUTO_INCREMENT=8 DEFAULT CHARSET=utf8mb4;
/*!40101 SET character_set_client = @saved_cs_client */;

--
-- Dumping data for table `tb_bookmark_tags`
--

LOCK TABLES `tb_bookmark_tags` WRITE;
/*!40000 ALTER TABLE `tb_bookmark_tags` DISABLE KEYS */;
INSERT INTO `tb_bookmark_tags` VALUES (4,1,3),(5,1,4),(7,12,10),(3,802,1),(2,822,1),(1,824,1);
/*!40000 ALTER TABLE `tb_bookmark_tags` ENABLE KEYS */;
UNLOCK TABLES;

--
-- Table structure for table `tb_bookmarkform`
--

DROP TABLE IF EXISTS `tb_bookmarkform`;
/*!40101 SET @saved_cs_client     = @@character_set_client */;
/*!40101 SET character_set_client = utf8 */;
CREATE TABLE `tb_bookmarkform` (
  `id` int(11) NOT NULL AUTO_INCREMENT,
  `folder_name` varchar(10) NOT NULL,
  `desc` varchar(500) DEFAULT NULL,
  `date_added` datetime(6) NOT NULL,
  `date_modified` datetime(6) NOT NULL,
  PRIMARY KEY (`id`)
) ENGINE=InnoDB AUTO_INCREMENT=46 DEFAULT CHARSET=utf8mb4;
/*!40101 SET character_set_client = @saved_cs_client */;

--
-- Dumping data for table `tb_bookmarkform`
--

LOCK TABLES `tb_bookmarkform` WRITE;
/*!40000 ALTER TABLE `tb_bookmarkform` DISABLE KEYS */;
INSERT INTO `tb_bookmarkform` VALUES (1,'书签栏',NULL,'2020-05-08 14:57:00.507676','2020-05-08 14:57:00.507728'),(2,'百度网盘资源','','2020-05-08 14:57:00.509389','2020-05-10 04:15:28.037241'),(4,'信息浏览',NULL,'2020-05-08 14:57:00.512996','2020-05-08 14:57:00.513037'),(5,'外包',NULL,'2020-05-08 14:57:00.513847','2020-05-08 14:57:00.513873'),(6,'云服务',NULL,'2020-05-08 14:57:00.514628','2020-05-08 14:57:00.514654'),(7,'网站',NULL,'2020-05-08 14:57:00.579041','2020-05-08 14:57:00.579090'),(8,'学习',NULL,'2020-05-08 14:57:00.601821','2020-05-08 14:57:00.601866'),(9,'python',NULL,'2020-05-08 14:57:00.602763','2020-05-08 14:57:00.602796'),(10,'机器学习',NULL,'2020-05-08 14:57:00.604412','2020-05-08 14:57:00.604462'),(11,'聊天机器人',NULL,'2020-05-08 14:57:00.606575','2020-05-08 14:57:00.606846'),(12,'语音合成',NULL,'2020-05-08 14:57:00.608486','2020-05-08 14:57:00.608523'),(13,'GitHub',NULL,'2020-05-08 14:57:00.609580','2020-05-08 14:57:00.609622'),(14,'pytorch',NULL,'2020-05-08 14:57:00.610934','2020-05-08 14:57:00.610974'),(15,'django',NULL,'2020-05-08 14:57:00.612449','2020-05-08 14:57:00.612493'),(16,'微信小程序',NULL,'2020-05-08 14:57:00.613876','2020-05-08 14:57:00.613932'),(17,'flask',NULL,'2020-05-08 14:57:00.615877','2020-05-08 14:57:00.615921'),(18,'电子电路',NULL,'2020-05-08 14:57:00.618017','2020-05-08 14:57:00.618092'),(19,'Unity',NULL,'2020-05-08 14:57:00.619436','2020-05-08 14:57:00.619467'),(20,'资料网址',NULL,'2020-05-08 14:57:00.620664','2020-05-08 14:57:00.620700'),(21,'机器学习',NULL,'2020-05-08 14:57:00.621618','2020-05-08 14:57:00.621652'),(23,'赛事',NULL,'2020-05-08 14:57:00.623894','2020-05-08 14:57:00.623933'),(24,'创业生态扶持',NULL,'2020-05-08 14:57:00.624968','2020-05-08 14:57:00.625004'),(25,'AI竞赛平台',NULL,'2020-05-08 14:57:00.626007','2020-05-08 14:57:00.626047'),(26,'书签栏',NULL,'2020-05-08 14:57:00.627963','2020-05-08 14:57:00.628012'),(27,'高考信息',NULL,'2020-05-08 14:57:00.629621','2020-05-08 14:57:00.629658'),(29,'量子计算机',NULL,'2020-05-08 14:57:00.659116','2020-05-08 14:57:00.659168'),(30,'渗透测试',NULL,'2020-05-08 14:57:00.661564','2020-05-08 14:57:00.661610'),(31,'内网穿透',NULL,'2020-05-08 14:57:00.662830','2020-05-08 14:57:00.662870'),(32,'渗透测试工具',NULL,'2020-05-08 14:57:00.664330','2020-05-08 14:57:00.664367'),(33,'Shodan',NULL,'2020-05-08 14:57:00.665258','2020-05-08 14:57:00.665288'),(34,'社会工程学',NULL,'2020-05-08 14:57:00.666066','2020-05-08 14:57:00.666091'),(35,'博客',NULL,'2020-05-08 14:57:00.668371','2020-05-08 14:57:00.668411'),(36,'摄像头漏洞',NULL,'2020-05-08 14:57:00.669262','2020-05-08 14:57:00.669288'),(39,'网络安全论坛',NULL,'2020-05-08 14:57:00.671867','2020-05-08 14:57:00.671902'),(41,'arduino',NULL,'2020-05-09 15:31:23.968978','2020-05-09 15:31:23.969015'),(42,'科学上网',NULL,'2020-05-09 15:35:41.285437','2020-05-09 15:35:41.285485'),(43,'树莓派',NULL,'2020-05-09 17:04:12.463822','2020-05-09 17:04:12.463861'),(44,'信息搜集','','2020-05-10 03:56:24.086568','2020-05-10 03:56:24.086617'),(45,'IOS开发','','2020-05-10 04:05:22.144807','2020-05-10 04:05:22.144850');
/*!40000 ALTER TABLE `tb_bookmarkform` ENABLE KEYS */;
UNLOCK TABLES;

--
-- Table structure for table `tb_tag`
--

DROP TABLE IF EXISTS `tb_tag`;
/*!40101 SET @saved_cs_client     = @@character_set_client */;
/*!40101 SET character_set_client = utf8 */;
CREATE TABLE `tb_tag` (
  `id` int(11) NOT NULL AUTO_INCREMENT,
  `name` varchar(64) NOT NULL,
  `date_added` datetime(6) NOT NULL,
  PRIMARY KEY (`id`)
) ENGINE=InnoDB AUTO_INCREMENT=11 DEFAULT CHARSET=utf8mb4;
/*!40101 SET character_set_client = @saved_cs_client */;

--
-- Dumping data for table `tb_tag`
--

LOCK TABLES `tb_tag` WRITE;
/*!40000 ALTER TABLE `tb_tag` DISABLE KEYS */;
INSERT INTO `tb_tag` VALUES (1,'教程','2020-05-09 15:34:28.549104'),(3,'搜索','2020-05-10 12:07:45.660221'),(4,'百度','2020-05-10 12:07:45.964116'),(5,'python','2020-05-10 12:33:50.699557'),(6,'模型','2020-05-10 12:33:50.805941'),(7,'ORM','2020-05-10 12:57:37.017288'),(10,'微信','2020-05-10 13:03:17.022548');
/*!40000 ALTER TABLE `tb_tag` ENABLE KEYS */;
UNLOCK TABLES;
/*!40103 SET TIME_ZONE=@OLD_TIME_ZONE */;

/*!40101 SET SQL_MODE=@OLD_SQL_MODE */;
/*!40014 SET FOREIGN_KEY_CHECKS=@OLD_FOREIGN_KEY_CHECKS */;
/*!40014 SET UNIQUE_CHECKS=@OLD_UNIQUE_CHECKS */;
/*!40101 SET CHARACTER_SET_CLIENT=@OLD_CHARACTER_SET_CLIENT */;
/*!40101 SET CHARACTER_SET_RESULTS=@OLD_CHARACTER_SET_RESULTS */;
/*!40101 SET COLLATION_CONNECTION=@OLD_COLLATION_CONNECTION */;
/*!40111 SET SQL_NOTES=@OLD_SQL_NOTES */;

-- Dump completed on 2020-05-10 21:08:00
